{"type": "FeatureCollection", "features": [{"type": "Feature", "properties": {"cd_ibge": 3300100}, "geometry": {"type": "Point", "coordinates": [-44.400999999999996, -22.94715]}}, {"type": "Feature", "properties": {"cd_ibge": 3300159}, "geometry": {"type": "Point", "coordinates": [-42.130750000000006, -21.65315]}}, {"type": "Feature", "properties": {"cd_ibge": 3300209}, "geometry": {"type": "Point", "coordinates": [-42.28935, -22.7461]}}, {"type": "Feature", "properties": {"cd_ibge": 3300225}, "geometry": {"type": "Point", "coordinates": [-43.1083, -22.2366]}}, {"type": "Feature", "properties": {"cd_ibge": 3300233}, "geometry": {"type": "Point", "coordinates": [-41.93795, -22.776200000000003]}}, {"type": "Feature", "properties": {"cd_ibge": 3300258}, "geometry": {"type": "Point", "coordinates": [-42.14505, -22.927599999999998]}}, {"type": "Feature", "properties": {"cd_ibge": 3300308}, "geometry": {"type": "Point", "coordinates": [-43.9166, -22.425649999999997]}}, {"type": "Feature", "properties": {"cd_ibge": 3300407}, "geometry": {"type": "Point", "coordinates": [-44.176100000000005, -22.48535]}}, {"type": "Feature", "properties": {"cd_ibge": 3300456}, "geometry": {"type": "Point", "coordinates": [-43.37695, -22.73135]}}, {"type": "Feature", "properties": {"cd_ibge": 3300506}, "geometry": {"type": "Point", "coordinates": [-42.3802, -22.20605]}}, {"type": "Feature", "properties": {"cd_ibge": 3300605}, "geometry": {"type": "Point", "coordinates": [-41.66005, -21.091549999999998]}}, {"type": "Feature", "properties": {"cd_ibge": 3300704}, "geometry": {"type": "Point", "coordinates": [-42.075900000000004, -22.73775]}}, {"type": "Feature", "properties": {"cd_ibge": 3300803}, "geometry": {"type": "Point", "coordinates": [-42.7368, -22.520899999999997]}}, {"type": "Feature", "properties": {"cd_ibge": 3300902}, "geometry": {"type": "Point", "coordinates": [-41.9149, -21.48375]}}, {"type": "Feature", "properties": {"cd_ibge": 3300936}, "geometry": {"type": "Point", "coordinates": [-41.655, -22.20415]}}, {"type": "Feature", "properties": {"cd_ibge": 3300951}, "geometry": {"type": "Point", "coordinates": [-43.23865, -22.05355]}}, {"type": "Feature", "properties": {"cd_ibge": 3301009}, "geometry": {"type": "Point", "coordinates": [-41.43155, -21.6508]}}, {"type": "Feature", "properties": {"cd_ibge": 3301108}, "geometry": {"type": "Point", "coordinates": [-42.3381, -21.8674]}}, {"type": "Feature", "properties": {"cd_ibge": 3301157}, "geometry": {"type": "Point", "coordinates": [-41.50855, -21.536749999999998]}}, {"type": "Feature", "properties": {"cd_ibge": 3301207}, "geometry": {"type": "Point", "coordinates": [-42.56555, -21.892200000000003]}}, {"type": "Feature", "properties": {"cd_ibge": 3301306}, "geometry": {"type": "Point", "coordinates": [-42.1417, -22.478299999999997]}}, {"type": "Feature", "properties": {"cd_ibge": 3301405}, "geometry": {"type": "Point", "coordinates": [-41.81675, -22.161949999999997]}}, {"type": "Feature", "properties": {"cd_ibge": 3301504}, "geometry": {"type": "Point", "coordinates": [-42.3387, -22.06055]}}, {"type": "Feature", "properties": {"cd_ibge": 3301603}, "geometry": {"type": "Point", "coordinates": [-42.481449999999995, -22.03505]}}, {"type": "Feature", "properties": {"cd_ibge": 3301702}, "geometry": {"type": "Point", "coordinates": [-43.30555, -22.64265]}}, {"type": "Feature", "properties": {"cd_ibge": 3301801}, "geometry": {"type": "Point", "coordinates": [-43.63665, -22.52075]}}, {"type": "Feature", "properties": {"cd_ibge": 3301850}, "geometry": {"type": "Point", "coordinates": [-42.96395, -22.5898]}}, {"type": "Feature", "properties": {"cd_ibge": 3301876}, "geometry": {"type": "Point", "coordinates": [-42.2153, -22.82895]}}, {"type": "Feature", "properties": {"cd_ibge": 3301900}, "geometry": {"type": "Point", "coordinates": [-42.8801, -22.75565]}}, {"type": "Feature", "properties": {"cd_ibge": 3302007}, "geometry": {"type": "Point", "coordinates": [-43.87565, -22.936700000000002]}}, {"type": "Feature", "properties": {"cd_ibge": 3302056}, "geometry": {"type": "Point", "coordinates": [-41.66615, -21.45655]}}, {"type": "Feature", "properties": {"cd_ibge": 3302106}, "geometry": {"type": "Point", "coordinates": [-42.0869, -21.728650000000002]}}, {"type": "Feature", "properties": {"cd_ibge": 3302205}, "geometry": {"type": "Point", "coordinates": [-41.8902, -21.21535]}}, {"type": "Feature", "properties": {"cd_ibge": 3302254}, "geometry": {"type": "Point", "coordinates": [-44.5715, -22.44445]}}, {"type": "Feature", "properties": {"cd_ibge": 3302270}, "geometry": {"type": "Point", "coordinates": [-43.605199999999996, -22.664900000000003]}}, {"type": "Feature", "properties": {"cd_ibge": 3302304}, "geometry": {"type": "Point", "coordinates": [-42.133849999999995, -21.25255]}}, {"type": "Feature", "properties": {"cd_ibge": 3302403}, "geometry": {"type": "Point", "coordinates": [-41.97645, -22.283099999999997]}}, {"type": "Feature", "properties": {"cd_ibge": 3302452}, "geometry": {"type": "Point", "coordinates": [-42.26875, -22.03255]}}, {"type": "Feature", "properties": {"cd_ibge": 3302502}, "geometry": {"type": "Point", "coordinates": [-43.1173, -22.60615]}}, {"type": "Feature", "properties": {"cd_ibge": 3302601}, "geometry": {"type": "Point", "coordinates": [-44.0366, -22.9409]}}, {"type": "Feature", "properties": {"cd_ibge": 3302700}, "geometry": {"type": "Point", "coordinates": [-42.8294, -22.9088]}}, {"type": "Feature", "properties": {"cd_ibge": 3302809}, "geometry": {"type": "Point", "coordinates": [-43.743, -22.53045]}}, {"type": "Feature", "properties": {"cd_ibge": 3302858}, "geometry": {"type": "Point", "coordinates": [-43.44975, -22.803199999999997]}}, {"type": "Feature", "properties": {"cd_ibge": 3302908}, "geometry": {"type": "Point", "coordinates": [-43.4746, -22.531100000000002]}}, {"type": "Feature", "properties": {"cd_ibge": 3303005}, "geometry": {"type": "Point", "coordinates": [-42.15325, -21.38995]}}, {"type": "Feature", "properties": {"cd_ibge": 3303104}, "geometry": {"type": "Point", "coordinates": [-41.9429, -21.0415]}}, {"type": "Feature", "properties": {"cd_ibge": 3303203}, "geometry": {"type": "Point", "coordinates": [-43.4299, -22.820349999999998]}}, {"type": "Feature", "properties": {"cd_ibge": 3303302}, "geometry": {"type": "Point", "coordinates": [-43.0443, -22.91635]}}, {"type": "Feature", "properties": {"cd_ibge": 3303401}, "geometry": {"type": "Point", "coordinates": [-42.46645, -22.3061]}}, {"type": "Feature", "properties": {"cd_ibge": 3303500}, "geometry": {"type": "Point", "coordinates": [-43.518950000000004, -22.695]}}, {"type": "Feature", "properties": {"cd_ibge": 3303609}, "geometry": {"type": "Point", "coordinates": [-43.719, -22.6201]}}, {"type": "Feature", "properties": {"cd_ibge": 3303708}, "geometry": {"type": "Point", "coordinates": [-43.2983, -22.18725]}}, {"type": "Feature", "properties": {"cd_ibge": 3303807}, "geometry": {"type": "Point", "coordinates": [-44.7027, -23.140900000000002]}}, {"type": "Feature", "properties": {"cd_ibge": 3303856}, "geometry": {"type": "Point", "coordinates": [-43.398250000000004, -22.376649999999998]}}, {"type": "Feature", "properties": {"cd_ibge": 3303906}, "geometry": {"type": "Point", "coordinates": [-43.1762, -22.38745]}}, {"type": "Feature", "properties": {"cd_ibge": 3303955}, "geometry": {"type": "Point", "coordinates": [-43.991, -22.53895]}}, {"type": "Feature", "properties": {"cd_ibge": 3304003}, "geometry": {"type": "Point", "coordinates": [-43.928650000000005, -22.655549999999998]}}, {"type": "Feature", "properties": {"cd_ibge": 3304102}, "geometry": {"type": "Point", "coordinates": [-41.963049999999996, -20.89515]}}, {"type": "Feature", "properties": {"cd_ibge": 3304110}, "geometry": {"type": "Point", "coordinates": [-44.32384999999999, -22.4458]}}, {"type": "Feature", "properties": {"cd_ibge": 3304128}, "geometry": {"type": "Point", "coordinates": [-44.2439, -22.363300000000002]}}, {"type": "Feature", "properties": {"cd_ibge": 3304144}, "geometry": {"type": "Point", "coordinates": [-43.582899999999995, -22.7315]}}, {"type": "Feature", "properties": {"cd_ibge": 3304151}, "geometry": {"type": "Point", "coordinates": [-41.42505, -22.110599999999998]}}, {"type": "Feature", "properties": {"cd_ibge": 3304201}, "geometry": {"type": "Point", "coordinates": [-44.53295, -22.4416]}}, {"type": "Feature", "properties": {"cd_ibge": 3304300}, "geometry": {"type": "Point", "coordinates": [-42.5945, -22.73725]}}, {"type": "Feature", "properties": {"cd_ibge": 3304409}, "geometry": {"type": "Point", "coordinates": [-44.09595, -22.78615]}}, {"type": "Feature", "properties": {"cd_ibge": 3304508}, "geometry": {"type": "Point", "coordinates": [-43.53715, -22.17205]}}, {"type": "Feature", "properties": {"cd_ibge": 3304524}, "geometry": {"type": "Point", "coordinates": [-41.94065, -22.4752]}}, {"type": "Feature", "properties": {"cd_ibge": 3304557}, "geometry": {"type": "Point", "coordinates": [-43.4731, -22.937649999999998]}}, {"type": "Feature", "properties": {"cd_ibge": 3304607}, "geometry": {"type": "Point", "coordinates": [-41.9229, -21.951900000000002]}}, {"type": "Feature", "properties": {"cd_ibge": 3304706}, "geometry": {"type": "Point", "coordinates": [-42.18155, -21.570999999999998]}}, {"type": "Feature", "properties": {"cd_ibge": 3304755}, "geometry": {"type": "Point", "coordinates": [-41.134150000000005, -21.4544]}}, {"type": "Feature", "properties": {"cd_ibge": 3304805}, "geometry": {"type": "Point", "coordinates": [-41.754599999999996, -21.671300000000002]}}, {"type": "Feature", "properties": {"cd_ibge": 3304904}, "geometry": {"type": "Point", "coordinates": [-42.9947, -22.82145]}}, {"type": "Feature", "properties": {"cd_ibge": 3305000}, "geometry": {"type": "Point", "coordinates": [-41.088049999999996, -21.76485]}}, {"type": "Feature", "properties": {"cd_ibge": 3305109}, "geometry": {"type": "Point", "coordinates": [-43.36995, -22.784950000000002]}}, {"type": "Feature", "properties": {"cd_ibge": 3305133}, "geometry": {"type": "Point", "coordinates": [-41.93705, -21.3886]}}, {"type": "Feature", "properties": {"cd_ibge": 3305158}, "geometry": {"type": "Point", "coordinates": [-42.89625, -22.17455]}}, {"type": "Feature", "properties": {"cd_ibge": 3305208}, "geometry": {"type": "Point", "coordinates": [-42.13945, -22.78125]}}, {"type": "Feature", "properties": {"cd_ibge": 3305307}, "geometry": {"type": "Point", "coordinates": [-42.08705, -21.877499999999998]}}, {"type": "Feature", "properties": {"cd_ibge": 3305406}, "geometry": {"type": "Point", "coordinates": [-42.83925, -22.01925]}}, {"type": "Feature", "properties": {"cd_ibge": 3305505}, "geometry": {"type": "Point", "coordinates": [-42.52445, -22.8709]}}, {"type": "Feature", "properties": {"cd_ibge": 3305554}, "geometry": {"type": "Point", "coordinates": [-43.707750000000004, -22.7544]}}, {"type": "Feature", "properties": {"cd_ibge": 3305604}, "geometry": {"type": "Point", "coordinates": [-42.39515, -22.56905]}}, {"type": "Feature", "properties": {"cd_ibge": 3305703}, "geometry": {"type": "Point", "coordinates": [-42.653499999999994, -22.1177]}}, {"type": "Feature", "properties": {"cd_ibge": 3305752}, "geometry": {"type": "Point", "coordinates": [-42.72515, -22.772750000000002]}}, {"type": "Feature", "properties": {"cd_ibge": 3305802}, "geometry": {"type": "Point", "coordinates": [-42.87865, -22.298299999999998]}}, {"type": "Feature", "properties": {"cd_ibge": 3305901}, "geometry": {"type": "Point", "coordinates": [-42.127700000000004, -22.15535]}}, {"type": "Feature", "properties": {"cd_ibge": 3306008}, "geometry": {"type": "Point", "coordinates": [-43.106899999999996, -22.12005]}}, {"type": "Feature", "properties": {"cd_ibge": 3306107}, "geometry": {"type": "Point", "coordinates": [-43.88785, -22.2346]}}, {"type": "Feature", "properties": {"cd_ibge": 3306156}, "geometry": {"type": "Point", "coordinates": [-41.827200000000005, -20.893500000000003]}}, {"type": "Feature", "properties": {"cd_ibge": 3306206}, "geometry": {"type": "Point", "coordinates": [-43.551249999999996, -22.37075]}}, {"type": "Feature", "properties": {"cd_ibge": 3306305}, "geometry": {"type": "Point", "coordinates": [-44.07965, -22.52345]}}, {"type": "Feature", "properties": {"cd_ibge": 3100104}, "geometry": {"type": "Point", "coordinates": [-47.4882, -18.37395]}}, {"type": "Feature", "properties": {"cd_ibge": 3100203}, "geometry": {"type": "Point", "coordinates": [-45.370400000000004, -19.0974]}}, {"type": "Feature", "properties": {"cd_ibge": 3100302}, "geometry": {"type": "Point", "coordinates": [-42.43505, -20.28085]}}, {"type": "Feature", "properties": {"cd_ibge": 3100401}, "geometry": {"type": "Point", "coordinates": [-43.096149999999994, -20.398249999999997]}}, {"type": "Feature", "properties": {"cd_ibge": 3100500}, "geometry": {"type": "Point", "coordinates": [-42.434799999999996, -19.07585]}}, {"type": "Feature", "properties": {"cd_ibge": 3100609}, "geometry": {"type": "Point", "coordinates": [-42.268950000000004, -18.014049999999997]}}, {"type": "Feature", "properties": {"cd_ibge": 3100708}, "geometry": {"type": "Point", "coordinates": [-48.0923, -19.99635]}}, {"type": "Feature", "properties": {"cd_ibge": 3100807}, "geometry": {"type": "Point", "coordinates": [-45.439750000000004, -20.981949999999998]}}, {"type": "Feature", "properties": {"cd_ibge": 3100906}, "geometry": {"type": "Point", "coordinates": [-40.9831, -17.0365]}}, {"type": "Feature", "properties": {"cd_ibge": 3101003}, "geometry": {"type": "Point", "coordinates": [-41.54505, -15.72385]}}, {"type": "Feature", "properties": {"cd_ibge": 3101102}, "geometry": {"type": "Point", "coordinates": [-41.1884, -19.659599999999998]}}, {"type": "Feature", "properties": {"cd_ibge": 3101201}, "geometry": {"type": "Point", "coordinates": [-44.643, -21.95275]}}, {"type": "Feature", "properties": {"cd_ibge": 3101300}, "geometry": {"type": "Point", "coordinates": [-44.6656, -22.1819]}}, {"type": "Feature", "properties": {"cd_ibge": 3101409}, "geometry": {"type": "Point", "coordinates": [-46.60665, -22.198900000000002]}}, {"type": "Feature", "properties": {"cd_ibge": 3101508}, "geometry": {"type": "Point", "coordinates": [-42.7642, -21.8276]}}, {"type": "Feature", "properties": {"cd_ibge": 3101607}, "geometry": {"type": "Point", "coordinates": [-46.003699999999995, -21.36325]}}, {"type": "Feature", "properties": {"cd_ibge": 3101631}, "geometry": {"type": "Point", "coordinates": [-43.71565, -21.1399]}}, {"type": "Feature", "properties": {"cd_ibge": 3101706}, "geometry": {"type": "Point", "coordinates": [-40.7131, -16.13045]}}, {"type": "Feature", "properties": {"cd_ibge": 3101805}, "geometry": {"type": "Point", "coordinates": [-42.00945, -18.997300000000003]}}, {"type": "Feature", "properties": {"cd_ibge": 3101904}, "geometry": {"type": "Point", "coordinates": [-46.3899, -20.8276]}}, {"type": "Feature", "properties": {"cd_ibge": 3102001}, "geometry": {"type": "Point", "coordinates": [-46.1832, -21.23285]}}, {"type": "Feature", "properties": {"cd_ibge": 3102050}, "geometry": {"type": "Point", "coordinates": [-41.88035, -20.45665]}}, {"type": "Feature", "properties": {"cd_ibge": 3102100}, "geometry": {"type": "Point", "coordinates": [-43.406949999999995, -21.049500000000002]}}, {"type": "Feature", "properties": {"cd_ibge": 3102209}, "geometry": {"type": "Point", "coordinates": [-41.6982, -19.42015]}}, {"type": "Feature", "properties": {"cd_ibge": 3102308}, "geometry": {"type": "Point", "coordinates": [-43.14425, -20.11065]}}, {"type": "Feature", "properties": {"cd_ibge": 3102407}, "geometry": {"type": "Point", "coordinates": [-43.3826, -18.77225]}}, {"type": "Feature", "properties": {"cd_ibge": 3102506}, "geometry": {"type": "Point", "coordinates": [-42.79845, -20.5295]}}, {"type": "Feature", "properties": {"cd_ibge": 3102605}, "geometry": {"type": "Point", "coordinates": [-46.575, -22.058149999999998]}}, {"type": "Feature", "properties": {"cd_ibge": 3102704}, "geometry": {"type": "Point", "coordinates": [-41.49655, -15.96155]}}, {"type": "Feature", "properties": {"cd_ibge": 3102803}, "geometry": {"type": "Point", "coordinates": [-44.28295, -21.73435]}}, {"type": "Feature", "properties": {"cd_ibge": 3102852}, "geometry": {"type": "Point", "coordinates": [-42.29455, -17.69195]}}, {"type": "Feature", "properties": {"cd_ibge": 3102902}, "geometry": {"type": "Point", "coordinates": [-43.7611, -21.42805]}}, {"type": "Feature", "properties": {"cd_ibge": 3103009}, "geometry": {"type": "Point", "coordinates": [-42.86555, -19.5788]}}, {"type": "Feature", "properties": {"cd_ibge": 3103108}, "geometry": {"type": "Point", "coordinates": [-42.1495, -21.024250000000002]}}, {"type": "Feature", "properties": {"cd_ibge": 3103207}, "geometry": {"type": "Point", "coordinates": [-44.2196, -19.2504]}}, {"type": "Feature", "properties": {"cd_ibge": 3103306}, "geometry": {"type": "Point", "coordinates": [-43.412, -21.34725]}}, {"type": "Feature", "properties": {"cd_ibge": 3103405}, "geometry": {"type": "Point", "coordinates": [-41.941950000000006, -16.895400000000002]}}, {"type": "Feature", "properties": {"cd_ibge": 3103504}, "geometry": {"type": "Point", "coordinates": [-48.2695, -18.607349999999997]}}, {"type": "Feature", "properties": {"cd_ibge": 3103603}, "geometry": {"type": "Point", "coordinates": [-44.22625, -21.900100000000002]}}, {"type": "Feature", "properties": {"cd_ibge": 3103702}, "geometry": {"type": "Point", "coordinates": [-42.5145, -20.66695]}}, {"type": "Feature", "properties": {"cd_ibge": 3103751}, "geometry": {"type": "Point", "coordinates": [-49.126999999999995, -18.4762]}}, {"type": "Feature", "properties": {"cd_ibge": 3103801}, "geometry": {"type": "Point", "coordinates": [-46.1277, -19.024900000000002]}}, {"type": "Feature", "properties": {"cd_ibge": 3103900}, "geometry": {"type": "Point", "coordinates": [-45.1839, -19.8856]}}, {"type": "Feature", "properties": {"cd_ibge": 3104007}, "geometry": {"type": "Point", "coordinates": [-46.987049999999996, -19.634349999999998]}}, {"type": "Feature", "properties": {"cd_ibge": 3104106}, "geometry": {"type": "Point", "coordinates": [-46.944900000000004, -21.352600000000002]}}, {"type": "Feature", "properties": {"cd_ibge": 3104205}, "geometry": {"type": "Point", "coordinates": [-45.5256, -20.23635]}}, {"type": "Feature", "properties": {"cd_ibge": 3104304}, "geometry": {"type": "Point", "coordinates": [-46.1278, -21.351599999999998]}}, {"type": "Feature", "properties": {"cd_ibge": 3104403}, "geometry": {"type": "Point", "coordinates": [-42.8329, -21.62745]}}, {"type": "Feature", "properties": {"cd_ibge": 3104452}, "geometry": {"type": "Point", "coordinates": [-42.591750000000005, -17.8565]}}, {"type": "Feature", "properties": {"cd_ibge": 3104502}, "geometry": {"type": "Point", "coordinates": [-46.00885, -15.804200000000002]}}, {"type": "Feature", "properties": {"cd_ibge": 3104601}, "geometry": {"type": "Point", "coordinates": [-42.88415, -21.321550000000002]}}, {"type": "Feature", "properties": {"cd_ibge": 3104700}, "geometry": {"type": "Point", "coordinates": [-41.10535, -18.215850000000003]}}, {"type": "Feature", "properties": {"cd_ibge": 3104809}, "geometry": {"type": "Point", "coordinates": [-44.224599999999995, -18.10105]}}, {"type": "Feature", "properties": {"cd_ibge": 3104908}, "geometry": {"type": "Point", "coordinates": [-44.8358, -22.01545]}}, {"type": "Feature", "properties": {"cd_ibge": 3105004}, "geometry": {"type": "Point", "coordinates": [-43.8762, -19.24635]}}, {"type": "Feature", "properties": {"cd_ibge": 3105103}, "geometry": {"type": "Point", "coordinates": [-45.9926, -20.1243]}}, {"type": "Feature", "properties": {"cd_ibge": 3105202}, "geometry": {"type": "Point", "coordinates": [-40.57585, -15.8647]}}, {"type": "Feature", "properties": {"cd_ibge": 3105301}, "geometry": {"type": "Point", "coordinates": [-46.382000000000005, -21.72645]}}, {"type": "Feature", "properties": {"cd_ibge": 3105400}, "geometry": {"type": "Point", "coordinates": [-43.51325, -19.8962]}}, {"type": "Feature", "properties": {"cd_ibge": 3105509}, "geometry": {"type": "Point", "coordinates": [-42.27645, -21.268250000000002]}}, {"type": "Feature", "properties": {"cd_ibge": 3105608}, "geometry": {"type": "Point", "coordinates": [-43.8047, -21.2529]}}, {"type": "Feature", "properties": {"cd_ibge": 3105707}, "geometry": {"type": "Point", "coordinates": [-43.064899999999994, -20.289749999999998]}}, {"type": "Feature", "properties": {"cd_ibge": 3105905}, "geometry": {"type": "Point", "coordinates": [-43.95484999999999, -21.17625]}}, {"type": "Feature", "properties": {"cd_ibge": 3106002}, "geometry": {"type": "Point", "coordinates": [-43.102450000000005, -19.8061]}}, {"type": "Feature", "properties": {"cd_ibge": 3106101}, "geometry": {"type": "Point", "coordinates": [-43.482, -21.97185]}}, {"type": "Feature", "properties": {"cd_ibge": 3106200}, "geometry": {"type": "Point", "coordinates": [-43.962450000000004, -19.91845]}}, {"type": "Feature", "properties": {"cd_ibge": 3106309}, "geometry": {"type": "Point", "coordinates": [-42.434799999999996, -19.257649999999998]}}, {"type": "Feature", "properties": {"cd_ibge": 3106408}, "geometry": {"type": "Point", "coordinates": [-44.044650000000004, -20.40715]}}, {"type": "Feature", "properties": {"cd_ibge": 3106507}, "geometry": {"type": "Point", "coordinates": [-42.504999999999995, -16.8801]}}, {"type": "Feature", "properties": {"cd_ibge": 3106606}, "geometry": {"type": "Point", "coordinates": [-40.5493, -16.98415]}}, {"type": "Feature", "properties": {"cd_ibge": 3106655}, "geometry": {"type": "Point", "coordinates": [-41.7552, -15.697949999999999]}}, {"type": "Feature", "properties": {"cd_ibge": 3106705}, "geometry": {"type": "Point", "coordinates": [-44.192, -19.9415]}}, {"type": "Feature", "properties": {"cd_ibge": 3106804}, "geometry": {"type": "Point", "coordinates": [-43.769499999999994, -21.6209]}}, {"type": "Feature", "properties": {"cd_ibge": 3106903}, "geometry": {"type": "Point", "coordinates": [-43.10385, -21.730400000000003]}}, {"type": "Feature", "properties": {"cd_ibge": 3107000}, "geometry": {"type": "Point", "coordinates": [-45.528949999999995, -18.7648]}}, {"type": "Feature", "properties": {"cd_ibge": 3107109}, "geometry": {"type": "Point", "coordinates": [-45.661249999999995, -21.05765]}}, {"type": "Feature", "properties": {"cd_ibge": 3107208}, "geometry": {"type": "Point", "coordinates": [-44.4931, -22.241300000000003]}}, {"type": "Feature", "properties": {"cd_ibge": 3107307}, "geometry": {"type": "Point", "coordinates": [-43.59055, -17.3878]}}, {"type": "Feature", "properties": {"cd_ibge": 3107406}, "geometry": {"type": "Point", "coordinates": [-45.3046, -19.70795]}}, {"type": "Feature", "properties": {"cd_ibge": 3107505}, "geometry": {"type": "Point", "coordinates": [-44.116749999999996, -21.9362]}}, {"type": "Feature", "properties": {"cd_ibge": 3107604}, "geometry": {"type": "Point", "coordinates": [-46.53405, -21.0082]}}, {"type": "Feature", "properties": {"cd_ibge": 3107703}, "geometry": {"type": "Point", "coordinates": [-43.46765, -19.70595]}}, {"type": "Feature", "properties": {"cd_ibge": 3107802}, "geometry": {"type": "Point", "coordinates": [-42.3644, -19.72595]}}, {"type": "Feature", "properties": {"cd_ibge": 3107901}, "geometry": {"type": "Point", "coordinates": [-46.18385, -22.44045]}}, {"type": "Feature", "properties": {"cd_ibge": 3108008}, "geometry": {"type": "Point", "coordinates": [-44.798649999999995, -21.0153]}}, {"type": "Feature", "properties": {"cd_ibge": 3108107}, "geometry": {"type": "Point", "coordinates": [-44.22325, -20.32045]}}, {"type": "Feature", "properties": {"cd_ibge": 3108206}, "geometry": {"type": "Point", "coordinates": [-46.2031, -16.522100000000002]}}, {"type": "Feature", "properties": {"cd_ibge": 3108255}, "geometry": {"type": "Point", "coordinates": [-44.96515, -14.975349999999999]}}, {"type": "Feature", "properties": {"cd_ibge": 3108305}, "geometry": {"type": "Point", "coordinates": [-46.168000000000006, -22.2541]}}, {"type": "Feature", "properties": {"cd_ibge": 3108404}, "geometry": {"type": "Point", "coordinates": [-46.41645, -21.65005]}}, {"type": "Feature", "properties": {"cd_ibge": 3108503}, "geometry": {"type": "Point", "coordinates": [-42.96835, -16.951549999999997]}}, {"type": "Feature", "properties": {"cd_ibge": 3108552}, "geometry": {"type": "Point", "coordinates": [-45.8561, -16.9438]}}, {"type": "Feature", "properties": {"cd_ibge": 3108602}, "geometry": {"type": "Point", "coordinates": [-44.4651, -16.23425]}}, {"type": "Feature", "properties": {"cd_ibge": 3108701}, "geometry": {"type": "Point", "coordinates": [-43.22575, -20.88175]}}, {"type": "Feature", "properties": {"cd_ibge": 3108800}, "geometry": {"type": "Point", "coordinates": [-42.697900000000004, -19.03215]}}, {"type": "Feature", "properties": {"cd_ibge": 3108909}, "geometry": {"type": "Point", "coordinates": [-45.6238, -22.49145]}}, {"type": "Feature", "properties": {"cd_ibge": 3109006}, "geometry": {"type": "Point", "coordinates": [-44.1577, -20.18465]}}, {"type": "Feature", "properties": {"cd_ibge": 3109105}, "geometry": {"type": "Point", "coordinates": [-46.356449999999995, -22.488500000000002]}}, {"type": "Feature", "properties": {"cd_ibge": 3109204}, "geometry": {"type": "Point", "coordinates": [-44.08455, -17.848149999999997]}}, {"type": "Feature", "properties": {"cd_ibge": 3109253}, "geometry": {"type": "Point", "coordinates": [-42.3166, -19.3574]}}, {"type": "Feature", "properties": {"cd_ibge": 3109303}, "geometry": {"type": "Point", "coordinates": [-46.5987, -15.43995]}}, {"type": "Feature", "properties": {"cd_ibge": 3109402}, "geometry": {"type": "Point", "coordinates": [-45.17565, -17.2795]}}, {"type": "Feature", "properties": {"cd_ibge": 3109451}, "geometry": {"type": "Point", "coordinates": [-47.12035, -16.069]}}, {"type": "Feature", "properties": {"cd_ibge": 3109501}, "geometry": {"type": "Point", "coordinates": [-46.3669, -21.48365]}}, {"type": "Feature", "properties": {"cd_ibge": 3109600}, "geometry": {"type": "Point", "coordinates": [-44.4653, -19.5136]}}, {"type": "Feature", "properties": {"cd_ibge": 3109709}, "geometry": {"type": "Point", "coordinates": [-45.79545, -22.37285]}}, {"type": "Feature", "properties": {"cd_ibge": 3109808}, "geometry": {"type": "Point", "coordinates": [-49.4601, -18.595750000000002]}}, {"type": "Feature", "properties": {"cd_ibge": 3109907}, "geometry": {"type": "Point", "coordinates": [-44.39335, -19.34065]}}, {"type": "Feature", "properties": {"cd_ibge": 3110004}, "geometry": {"type": "Point", "coordinates": [-43.633300000000006, -19.88575]}}, {"type": "Feature", "properties": {"cd_ibge": 3110103}, "geometry": {"type": "Point", "coordinates": [-41.9095, -20.729300000000002]}}, {"type": "Feature", "properties": {"cd_ibge": 3110202}, "geometry": {"type": "Point", "coordinates": [-42.75505, -20.7852]}}, {"type": "Feature", "properties": {"cd_ibge": 3110301}, "geometry": {"type": "Point", "coordinates": [-46.3477, -21.89875]}}, {"type": "Feature", "properties": {"cd_ibge": 3110400}, "geometry": {"type": "Point", "coordinates": [-45.15325, -20.65215]}}, {"type": "Feature", "properties": {"cd_ibge": 3110509}, "geometry": {"type": "Point", "coordinates": [-46.07515, -22.7963]}}, {"type": "Feature", "properties": {"cd_ibge": 3110608}, "geometry": {"type": "Point", "coordinates": [-46.04975, -22.59165]}}, {"type": "Feature", "properties": {"cd_ibge": 3110707}, "geometry": {"type": "Point", "coordinates": [-45.252700000000004, -21.86175]}}, {"type": "Feature", "properties": {"cd_ibge": 3110806}, "geometry": {"type": "Point", "coordinates": [-41.7304, -18.2795]}}, {"type": "Feature", "properties": {"cd_ibge": 3110905}, "geometry": {"type": "Point", "coordinates": [-45.416700000000006, -21.822]}}, {"type": "Feature", "properties": {"cd_ibge": 3111002}, "geometry": {"type": "Point", "coordinates": [-46.23835, -21.71535]}}, {"type": "Feature", "properties": {"cd_ibge": 3111101}, "geometry": {"type": "Point", "coordinates": [-49.769450000000006, -19.4846]}}, {"type": "Feature", "properties": {"cd_ibge": 3111150}, "geometry": {"type": "Point", "coordinates": [-44.778949999999995, -16.5165]}}, {"type": "Feature", "properties": {"cd_ibge": 3111200}, "geometry": {"type": "Point", "coordinates": [-45.25085, -20.9425]}}, {"type": "Feature", "properties": {"cd_ibge": 3111309}, "geometry": {"type": "Point", "coordinates": [-45.8258, -21.106749999999998]}}, {"type": "Feature", "properties": {"cd_ibge": 3111408}, "geometry": {"type": "Point", "coordinates": [-48.65285, -19.71445]}}, {"type": "Feature", "properties": {"cd_ibge": 3111507}, "geometry": {"type": "Point", "coordinates": [-46.1972, -19.6098]}}, {"type": "Feature", "properties": {"cd_ibge": 3111606}, "geometry": {"type": "Point", "coordinates": [-45.765249999999995, -21.29005]}}, {"type": "Feature", "properties": {"cd_ibge": 3111705}, "geometry": {"type": "Point", "coordinates": [-42.6278, -20.67105]}}, {"type": "Feature", "properties": {"cd_ibge": 3111804}, "geometry": {"type": "Point", "coordinates": [-49.2421, -18.7571]}}, {"type": "Feature", "properties": {"cd_ibge": 3111903}, "geometry": {"type": "Point", "coordinates": [-45.18785, -21.030749999999998]}}, {"type": "Feature", "properties": {"cd_ibge": 3112000}, "geometry": {"type": "Point", "coordinates": [-45.284400000000005, -20.74925]}}, {"type": "Feature", "properties": {"cd_ibge": 3112059}, "geometry": {"type": "Point", "coordinates": [-42.651650000000004, -18.509]}}, {"type": "Feature", "properties": {"cd_ibge": 3112109}, "geometry": {"type": "Point", "coordinates": [-41.959500000000006, -20.53115]}}, {"type": "Feature", "properties": {"cd_ibge": 3112208}, "geometry": {"type": "Point", "coordinates": [-43.60635, -20.915]}}, {"type": "Feature", "properties": {"cd_ibge": 3112307}, "geometry": {"type": "Point", "coordinates": [-42.4868, -17.702599999999997]}}, {"type": "Feature", "properties": {"cd_ibge": 3112406}, "geometry": {"type": "Point", "coordinates": [-47.02315, -20.6606]}}, {"type": "Feature", "properties": {"cd_ibge": 3112505}, "geometry": {"type": "Point", "coordinates": [-44.16405, -19.58145]}}, {"type": "Feature", "properties": {"cd_ibge": 3112604}, "geometry": {"type": "Point", "coordinates": [-49.566500000000005, -18.675150000000002]}}, {"type": "Feature", "properties": {"cd_ibge": 3112653}, "geometry": {"type": "Point", "coordinates": [-41.8167, -19.05035]}}, {"type": "Feature", "properties": {"cd_ibge": 3112703}, "geometry": {"type": "Point", "coordinates": [-43.661500000000004, -16.09915]}}, {"type": "Feature", "properties": {"cd_ibge": 3112802}, "geometry": {"type": "Point", "coordinates": [-46.15275, -20.611400000000003]}}, {"type": "Feature", "properties": {"cd_ibge": 3112901}, "geometry": {"type": "Point", "coordinates": [-42.25815, -20.18355]}}, {"type": "Feature", "properties": {"cd_ibge": 3113008}, "geometry": {"type": "Point", "coordinates": [-41.5927, -17.16315]}}, {"type": "Feature", "properties": {"cd_ibge": 3113107}, "geometry": {"type": "Point", "coordinates": [-43.719899999999996, -20.8933]}}, {"type": "Feature", "properties": {"cd_ibge": 3113206}, "geometry": {"type": "Point", "coordinates": [-43.82125, -20.9982]}}, {"type": "Feature", "properties": {"cd_ibge": 3113305}, "geometry": {"type": "Point", "coordinates": [-42.1048, -20.707250000000002]}}, {"type": "Feature", "properties": {"cd_ibge": 3113404}, "geometry": {"type": "Point", "coordinates": [-42.1502, -19.68895]}}, {"type": "Feature", "properties": {"cd_ibge": 3113503}, "geometry": {"type": "Point", "coordinates": [-43.03615, -17.512549999999997]}}, {"type": "Feature", "properties": {"cd_ibge": 3113602}, "geometry": {"type": "Point", "coordinates": [-45.6702, -22.072000000000003]}}, {"type": "Feature", "properties": {"cd_ibge": 3113701}, "geometry": {"type": "Point", "coordinates": [-40.85155, -17.66855]}}, {"type": "Feature", "properties": {"cd_ibge": 3113800}, "geometry": {"type": "Point", "coordinates": [-43.18665, -19.0557]}}, {"type": "Feature", "properties": {"cd_ibge": 3113909}, "geometry": {"type": "Point", "coordinates": [-45.20555, -21.4556]}}, {"type": "Feature", "properties": {"cd_ibge": 3114006}, "geometry": {"type": "Point", "coordinates": [-44.885450000000006, -20.561]}}, {"type": "Feature", "properties": {"cd_ibge": 3114105}, "geometry": {"type": "Point", "coordinates": [-45.16355, -22.0884]}}, {"type": "Feature", "properties": {"cd_ibge": 3114204}, "geometry": {"type": "Point", "coordinates": [-44.71325, -20.1954]}}, {"type": "Feature", "properties": {"cd_ibge": 3114303}, "geometry": {"type": "Point", "coordinates": [-46.195449999999994, -18.878300000000003]}}, {"type": "Feature", "properties": {"cd_ibge": 3114402}, "geometry": {"type": "Point", "coordinates": [-46.1231, -20.9949]}}, {"type": "Feature", "properties": {"cd_ibge": 3114501}, "geometry": {"type": "Point", "coordinates": [-44.658100000000005, -20.557650000000002]}}, {"type": "Feature", "properties": {"cd_ibge": 3114550}, "geometry": {"type": "Point", "coordinates": [-50.80095, -19.776049999999998]}}, {"type": "Feature", "properties": {"cd_ibge": 3114600}, "geometry": {"type": "Point", "coordinates": [-44.6217, -21.476100000000002]}}, {"type": "Feature", "properties": {"cd_ibge": 3114709}, "geometry": {"type": "Point", "coordinates": [-45.830749999999995, -21.7728]}}, {"type": "Feature", "properties": {"cd_ibge": 3114808}, "geometry": {"type": "Point", "coordinates": [-44.4807, -22.028]}}, {"type": "Feature", "properties": {"cd_ibge": 3114907}, "geometry": {"type": "Point", "coordinates": [-43.944599999999994, -20.83965]}}, {"type": "Feature", "properties": {"cd_ibge": 3115003}, "geometry": {"type": "Point", "coordinates": [-47.8703, -18.5652]}}, {"type": "Feature", "properties": {"cd_ibge": 3115102}, "geometry": {"type": "Point", "coordinates": [-46.9354, -20.55925]}}, {"type": "Feature", "properties": {"cd_ibge": 3115201}, "geometry": {"type": "Point", "coordinates": [-44.485150000000004, -21.1475]}}, {"type": "Feature", "properties": {"cd_ibge": 3115300}, "geometry": {"type": "Point", "coordinates": [-42.652, -21.332]}}, {"type": "Feature", "properties": {"cd_ibge": 3115359}, "geometry": {"type": "Point", "coordinates": [-43.415499999999994, -20.06915]}}, {"type": "Feature", "properties": {"cd_ibge": 3115409}, "geometry": {"type": "Point", "coordinates": [-43.500550000000004, -20.66695]}}, {"type": "Feature", "properties": {"cd_ibge": 3115458}, "geometry": {"type": "Point", "coordinates": [-41.5017, -17.36605]}}, {"type": "Feature", "properties": {"cd_ibge": 3115474}, "geometry": {"type": "Point", "coordinates": [-43.09265, -15.34105]}}, {"type": "Feature", "properties": {"cd_ibge": 3115508}, "geometry": {"type": "Point", "coordinates": [-44.9533, -21.993299999999998]}}, {"type": "Feature", "properties": {"cd_ibge": 3115607}, "geometry": {"type": "Point", "coordinates": [-45.682500000000005, -19.10635]}}, {"type": "Feature", "properties": {"cd_ibge": 3115706}, "geometry": {"type": "Point", "coordinates": [-41.29875, -18.774949999999997]}}, {"type": "Feature", "properties": {"cd_ibge": 3115805}, "geometry": {"type": "Point", "coordinates": [-49.16605, -18.655450000000002]}}, {"type": "Feature", "properties": {"cd_ibge": 3115904}, "geometry": {"type": "Point", "coordinates": [-43.21395, -21.68945]}}, {"type": "Feature", "properties": {"cd_ibge": 3116001}, "geometry": {"type": "Point", "coordinates": [-41.6492, -20.0228]}}, {"type": "Feature", "properties": {"cd_ibge": 3116100}, "geometry": {"type": "Point", "coordinates": [-42.38905, -17.1564]}}, {"type": "Feature", "properties": {"cd_ibge": 3116159}, "geometry": {"type": "Point", "coordinates": [-45.45625, -15.4572]}}, {"type": "Feature", "properties": {"cd_ibge": 3116209}, "geometry": {"type": "Point", "coordinates": [-43.016400000000004, -21.98065]}}, {"type": "Feature", "properties": {"cd_ibge": 3116308}, "geometry": {"type": "Point", "coordinates": [-43.3715, -20.91555]}}, {"type": "Feature", "properties": {"cd_ibge": 3116407}, "geometry": {"type": "Point", "coordinates": [-47.236450000000005, -20.359299999999998]}}, {"type": "Feature", "properties": {"cd_ibge": 3116506}, "geometry": {"type": "Point", "coordinates": [-44.225, -17.053400000000003]}}, {"type": "Feature", "properties": {"cd_ibge": 3116605}, "geometry": {"type": "Point", "coordinates": [-44.77135, -20.40245]}}, {"type": "Feature", "properties": {"cd_ibge": 3116704}, "geometry": {"type": "Point", "coordinates": [-42.79545, -20.84285]}}, {"type": "Feature", "properties": {"cd_ibge": 3116803}, "geometry": {"type": "Point", "coordinates": [-42.83405, -18.23675]}}, {"type": "Feature", "properties": {"cd_ibge": 3116902}, "geometry": {"type": "Point", "coordinates": [-49.09825, -19.67155]}}, {"type": "Feature", "properties": {"cd_ibge": 3117009}, "geometry": {"type": "Point", "coordinates": [-41.771950000000004, -16.28755]}}, {"type": "Feature", "properties": {"cd_ibge": 3117108}, "geometry": {"type": "Point", "coordinates": [-46.2111, -21.09735]}}, {"type": "Feature", "properties": {"cd_ibge": 3117207}, "geometry": {"type": "Point", "coordinates": [-45.4169, -22.1389]}}, {"type": "Feature", "properties": {"cd_ibge": 3117306}, "geometry": {"type": "Point", "coordinates": [-48.345349999999996, -19.9422]}}, {"type": "Feature", "properties": {"cd_ibge": 3117405}, "geometry": {"type": "Point", "coordinates": [-41.70785, -19.901600000000002]}}, {"type": "Feature", "properties": {"cd_ibge": 3117504}, "geometry": {"type": "Point", "coordinates": [-43.48385, -18.9341]}}, {"type": "Feature", "properties": {"cd_ibge": 3117603}, "geometry": {"type": "Point", "coordinates": [-44.8825, -19.79085]}}, {"type": "Feature", "properties": {"cd_ibge": 3117702}, "geometry": {"type": "Point", "coordinates": [-45.097750000000005, -21.892699999999998]}}, {"type": "Feature", "properties": {"cd_ibge": 3117801}, "geometry": {"type": "Point", "coordinates": [-45.784800000000004, -22.4419]}}, {"type": "Feature", "properties": {"cd_ibge": 3117836}, "geometry": {"type": "Point", "coordinates": [-44.5792, -15.04165]}}, {"type": "Feature", "properties": {"cd_ibge": 3117876}, "geometry": {"type": "Point", "coordinates": [-43.974000000000004, -19.6426]}}, {"type": "Feature", "properties": {"cd_ibge": 3117900}, "geometry": {"type": "Point", "coordinates": [-46.0385, -22.13345]}}, {"type": "Feature", "properties": {"cd_ibge": 3118007}, "geometry": {"type": "Point", "coordinates": [-43.8471, -20.5182]}}, {"type": "Feature", "properties": {"cd_ibge": 3118106}, "geometry": {"type": "Point", "coordinates": [-43.698750000000004, -18.90135]}}, {"type": "Feature", "properties": {"cd_ibge": 3118205}, "geometry": {"type": "Point", "coordinates": [-47.629400000000004, -19.859499999999997]}}, {"type": "Feature", "properties": {"cd_ibge": 3118304}, "geometry": {"type": "Point", "coordinates": [-43.80435, -20.6695]}}, {"type": "Feature", "properties": {"cd_ibge": 3118403}, "geometry": {"type": "Point", "coordinates": [-41.4169, -19.173650000000002]}}, {"type": "Feature", "properties": {"cd_ibge": 3118502}, "geometry": {"type": "Point", "coordinates": [-45.9148, -22.5329]}}, {"type": "Feature", "properties": {"cd_ibge": 3118601}, "geometry": {"type": "Point", "coordinates": [-44.08535, -19.89075]}}, {"type": "Feature", "properties": {"cd_ibge": 3118700}, "geometry": {"type": "Point", "coordinates": [-45.418, -21.17795]}}, {"type": "Feature", "properties": {"cd_ibge": 3118809}, "geometry": {"type": "Point", "coordinates": [-44.411649999999995, -16.61515]}}, {"type": "Feature", "properties": {"cd_ibge": 3118908}, "geometry": {"type": "Point", "coordinates": [-44.210300000000004, -19.0945]}}, {"type": "Feature", "properties": {"cd_ibge": 3119005}, "geometry": {"type": "Point", "coordinates": [-45.65215, -21.77]}}, {"type": "Feature", "properties": {"cd_ibge": 3119104}, "geometry": {"type": "Point", "coordinates": [-44.5901, -18.31205]}}, {"type": "Feature", "properties": {"cd_ibge": 3119203}, "geometry": {"type": "Point", "coordinates": [-42.2534, -18.62885]}}, {"type": "Feature", "properties": {"cd_ibge": 3119302}, "geometry": {"type": "Point", "coordinates": [-47.1158, -18.3428]}}, {"type": "Feature", "properties": {"cd_ibge": 3119401}, "geometry": {"type": "Point", "coordinates": [-42.68285, -19.44045]}}, {"type": "Feature", "properties": {"cd_ibge": 3119500}, "geometry": {"type": "Point", "coordinates": [-42.20245, -16.6023]}}, {"type": "Feature", "properties": {"cd_ibge": 3119609}, "geometry": {"type": "Point", "coordinates": [-43.28855, -21.6015]}}, {"type": "Feature", "properties": {"cd_ibge": 3119708}, "geometry": {"type": "Point", "coordinates": [-44.19985, -21.0222]}}, {"type": "Feature", "properties": {"cd_ibge": 3119807}, "geometry": {"type": "Point", "coordinates": [-45.96515, -19.7619]}}, {"type": "Feature", "properties": {"cd_ibge": 3119906}, "geometry": {"type": "Point", "coordinates": [-46.00025, -22.62585]}}, {"type": "Feature", "properties": {"cd_ibge": 3119955}, "geometry": {"type": "Point", "coordinates": [-45.53615, -20.44845]}}, {"type": "Feature", "properties": {"cd_ibge": 3120003}, "geometry": {"type": "Point", "coordinates": [-42.44315, -19.834699999999998]}}, {"type": "Feature", "properties": {"cd_ibge": 3120102}, "geometry": {"type": "Point", "coordinates": [-43.41005, -18.078400000000002]}}, {"type": "Feature", "properties": {"cd_ibge": 3120151}, "geometry": {"type": "Point", "coordinates": [-40.9773, -17.242]}}, {"type": "Feature", "properties": {"cd_ibge": 3120201}, "geometry": {"type": "Point", "coordinates": [-45.563, -20.8119]}}, {"type": "Feature", "properties": {"cd_ibge": 3120300}, "geometry": {"type": "Point", "coordinates": [-42.8022, -16.7089]}}, {"type": "Feature", "properties": {"cd_ibge": 3120409}, "geometry": {"type": "Point", "coordinates": [-43.81325, -20.8339]}}, {"type": "Feature", "properties": {"cd_ibge": 3120508}, "geometry": {"type": "Point", "coordinates": [-45.2791, -22.21115]}}, {"type": "Feature", "properties": {"cd_ibge": 3120607}, "geometry": {"type": "Point", "coordinates": [-44.36065000000001, -20.409599999999998]}}, {"type": "Feature", "properties": {"cd_ibge": 3120706}, "geometry": {"type": "Point", "coordinates": [-46.67115, -18.962249999999997]}}, {"type": "Feature", "properties": {"cd_ibge": 3120805}, "geometry": {"type": "Point", "coordinates": [-44.786249999999995, -21.7479]}}, {"type": "Feature", "properties": {"cd_ibge": 3120839}, "geometry": {"type": "Point", "coordinates": [-41.12755, -18.989150000000002]}}, {"type": "Feature", "properties": {"cd_ibge": 3120870}, "geometry": {"type": "Point", "coordinates": [-41.749700000000004, -15.8574]}}, {"type": "Feature", "properties": {"cd_ibge": 3120904}, "geometry": {"type": "Point", "coordinates": [-44.4362, -18.75365]}}, {"type": "Feature", "properties": {"cd_ibge": 3121001}, "geometry": {"type": "Point", "coordinates": [-43.6532, -18.4755]}}, {"type": "Feature", "properties": {"cd_ibge": 3121100}, "geometry": {"type": "Point", "coordinates": [-45.29245, -22.51145]}}, {"type": "Feature", "properties": {"cd_ibge": 3121209}, "geometry": {"type": "Point", "coordinates": [-46.789550000000006, -20.3687]}}, {"type": "Feature", "properties": {"cd_ibge": 3121258}, "geometry": {"type": "Point", "coordinates": [-47.80585000000001, -19.930799999999998]}}, {"type": "Feature", "properties": {"cd_ibge": 3121308}, "geometry": {"type": "Point", "coordinates": [-42.969750000000005, -21.44245]}}, {"type": "Feature", "properties": {"cd_ibge": 3121407}, "geometry": {"type": "Point", "coordinates": [-44.275000000000006, -20.636850000000003]}}, {"type": "Feature", "properties": {"cd_ibge": 3121506}, "geometry": {"type": "Point", "coordinates": [-43.5128, -21.13445]}}, {"type": "Feature", "properties": {"cd_ibge": 3121605}, "geometry": {"type": "Point", "coordinates": [-43.653, -17.9131]}}, {"type": "Feature", "properties": {"cd_ibge": 3121704}, "geometry": {"type": "Point", "coordinates": [-43.17175, -20.486150000000002]}}, {"type": "Feature", "properties": {"cd_ibge": 3121803}, "geometry": {"type": "Point", "coordinates": [-42.6691, -19.8312]}}, {"type": "Feature", "properties": {"cd_ibge": 3121902}, "geometry": {"type": "Point", "coordinates": [-42.9957, -20.99175]}}, {"type": "Feature", "properties": {"cd_ibge": 3122009}, "geometry": {"type": "Point", "coordinates": [-42.212, -20.5793]}}, {"type": "Feature", "properties": {"cd_ibge": 3122108}, "geometry": {"type": "Point", "coordinates": [-41.48485, -18.6999]}}, {"type": "Feature", "properties": {"cd_ibge": 3122207}, "geometry": {"type": "Point", "coordinates": [-42.5582, -18.80055]}}, {"type": "Feature", "properties": {"cd_ibge": 3122306}, "geometry": {"type": "Point", "coordinates": [-44.93675, -20.112299999999998]}}, {"type": "Feature", "properties": {"cd_ibge": 3122355}, "geometry": {"type": "Point", "coordinates": [-41.3777, -15.712299999999999]}}, {"type": "Feature", "properties": {"cd_ibge": 3122405}, "geometry": {"type": "Point", "coordinates": [-46.24895, -21.51585]}}, {"type": "Feature", "properties": {"cd_ibge": 3122454}, "geometry": {"type": "Point", "coordinates": [-40.93475, -15.7714]}}, {"type": "Feature", "properties": {"cd_ibge": 3122470}, "geometry": {"type": "Point", "coordinates": [-46.3044, -16.742449999999998]}}, {"type": "Feature", "properties": {"cd_ibge": 3122504}, "geometry": {"type": "Point", "coordinates": [-42.082300000000004, -19.3872]}}, {"type": "Feature", "properties": {"cd_ibge": 3122603}, "geometry": {"type": "Point", "coordinates": [-43.2618, -18.934649999999998]}}, {"type": "Feature", "properties": {"cd_ibge": 3122702}, "geometry": {"type": "Point", "coordinates": [-42.96285, -20.11995]}}, {"type": "Feature", "properties": {"cd_ibge": 3122801}, "geometry": {"type": "Point", "coordinates": [-45.1539, -22.2316]}}, {"type": "Feature", "properties": {"cd_ibge": 3122900}, "geometry": {"type": "Point", "coordinates": [-42.80200000000001, -21.3246]}}, {"type": "Feature", "properties": {"cd_ibge": 3123007}, "geometry": {"type": "Point", "coordinates": [-43.99065, -21.10095]}}, {"type": "Feature", "properties": {"cd_ibge": 3123106}, "geometry": {"type": "Point", "coordinates": [-42.918949999999995, -19.033949999999997]}}, {"type": "Feature", "properties": {"cd_ibge": 3123205}, "geometry": {"type": "Point", "coordinates": [-45.535650000000004, -19.5039]}}, {"type": "Feature", "properties": {"cd_ibge": 3123304}, "geometry": {"type": "Point", "coordinates": [-43.1697, -21.022750000000002]}}, {"type": "Feature", "properties": {"cd_ibge": 3123403}, "geometry": {"type": "Point", "coordinates": [-45.888549999999995, -20.284799999999997]}}, {"type": "Feature", "properties": {"cd_ibge": 3123502}, "geometry": {"type": "Point", "coordinates": [-47.611450000000005, -18.43815]}}, {"type": "Feature", "properties": {"cd_ibge": 3123528}, "geometry": {"type": "Point", "coordinates": [-41.807050000000004, -20.1513]}}, {"type": "Feature", "properties": {"cd_ibge": 3123601}, "geometry": {"type": "Point", "coordinates": [-45.5821, -21.6036]}}, {"type": "Feature", "properties": {"cd_ibge": 3123700}, "geometry": {"type": "Point", "coordinates": [-42.0251, -19.120199999999997]}}, {"type": "Feature", "properties": {"cd_ibge": 3123809}, "geometry": {"type": "Point", "coordinates": [-43.99705, -17.2976]}}, {"type": "Feature", "properties": {"cd_ibge": 3123858}, "geometry": {"type": "Point", "coordinates": [-42.23655, -19.65495]}}, {"type": "Feature", "properties": {"cd_ibge": 3123908}, "geometry": {"type": "Point", "coordinates": [-44.10485, -20.70415]}}, {"type": "Feature", "properties": {"cd_ibge": 3124005}, "geometry": {"type": "Point", "coordinates": [-42.60455, -20.869500000000002]}}, {"type": "Feature", "properties": {"cd_ibge": 3124104}, "geometry": {"type": "Point", "coordinates": [-44.3214, -19.76165]}}, {"type": "Feature", "properties": {"cd_ibge": 3124203}, "geometry": {"type": "Point", "coordinates": [-41.945499999999996, -20.588900000000002]}}, {"type": "Feature", "properties": {"cd_ibge": 3124302}, "geometry": {"type": "Point", "coordinates": [-43.00135, -14.90495]}}, {"type": "Feature", "properties": {"cd_ibge": 3124401}, "geometry": {"type": "Point", "coordinates": [-45.9807, -21.99855]}}, {"type": "Feature", "properties": {"cd_ibge": 3124500}, "geometry": {"type": "Point", "coordinates": [-46.0186, -22.45525]}}, {"type": "Feature", "properties": {"cd_ibge": 3124609}, "geometry": {"type": "Point", "coordinates": [-42.4683, -21.7108]}}, {"type": "Feature", "properties": {"cd_ibge": 3124708}, "geometry": {"type": "Point", "coordinates": [-45.7924, -19.572850000000003]}}, {"type": "Feature", "properties": {"cd_ibge": 3124807}, "geometry": {"type": "Point", "coordinates": [-47.7351, -18.73655]}}, {"type": "Feature", "properties": {"cd_ibge": 3124906}, "geometry": {"type": "Point", "coordinates": [-42.21055, -20.99835]}}, {"type": "Feature", "properties": {"cd_ibge": 3125002}, "geometry": {"type": "Point", "coordinates": [-43.55975, -21.575400000000002]}}, {"type": "Feature", "properties": {"cd_ibge": 3125101}, "geometry": {"type": "Point", "coordinates": [-46.2745, -22.81185]}}, {"type": "Feature", "properties": {"cd_ibge": 3125200}, "geometry": {"type": "Point", "coordinates": [-45.81645, -21.463099999999997]}}, {"type": "Feature", "properties": {"cd_ibge": 3125309}, "geometry": {"type": "Point", "coordinates": [-42.0492, -20.787149999999997]}}, {"type": "Feature", "properties": {"cd_ibge": 3125408}, "geometry": {"type": "Point", "coordinates": [-43.22895, -18.1477]}}, {"type": "Feature", "properties": {"cd_ibge": 3125507}, "geometry": {"type": "Point", "coordinates": [-43.365300000000005, -18.088050000000003]}}, {"type": "Feature", "properties": {"cd_ibge": 3125606}, "geometry": {"type": "Point", "coordinates": [-40.73495, -16.662399999999998]}}, {"type": "Feature", "properties": {"cd_ibge": 3125705}, "geometry": {"type": "Point", "coordinates": [-44.9465, -18.692700000000002]}}, {"type": "Feature", "properties": {"cd_ibge": 3125804}, "geometry": {"type": "Point", "coordinates": [-42.1008, -19.10705]}}, {"type": "Feature", "properties": {"cd_ibge": 3125903}, "geometry": {"type": "Point", "coordinates": [-42.94645, -19.24725]}}, {"type": "Feature", "properties": {"cd_ibge": 3125952}, "geometry": {"type": "Point", "coordinates": [-42.348, -20.67375]}}, {"type": "Feature", "properties": {"cd_ibge": 3126000}, "geometry": {"type": "Point", "coordinates": [-44.441050000000004, -19.859299999999998]}}, {"type": "Feature", "properties": {"cd_ibge": 3126109}, "geometry": {"type": "Point", "coordinates": [-45.541650000000004, -20.5269]}}, {"type": "Feature", "properties": {"cd_ibge": 3126208}, "geometry": {"type": "Point", "coordinates": [-46.07995, -15.0728]}}, {"type": "Feature", "properties": {"cd_ibge": 3126307}, "geometry": {"type": "Point", "coordinates": [-46.7715, -20.889699999999998]}}, {"type": "Feature", "properties": {"cd_ibge": 3126406}, "geometry": {"type": "Point", "coordinates": [-44.4936, -19.5347]}}, {"type": "Feature", "properties": {"cd_ibge": 3126505}, "geometry": {"type": "Point", "coordinates": [-42.2923, -16.98695]}}, {"type": "Feature", "properties": {"cd_ibge": 3126604}, "geometry": {"type": "Point", "coordinates": [-44.2746, -17.43415]}}, {"type": "Feature", "properties": {"cd_ibge": 3126703}, "geometry": {"type": "Point", "coordinates": [-43.4471, -16.444200000000002]}}, {"type": "Feature", "properties": {"cd_ibge": 3126752}, "geometry": {"type": "Point", "coordinates": [-41.9739, -17.997100000000003]}}, {"type": "Feature", "properties": {"cd_ibge": 3126802}, "geometry": {"type": "Point", "coordinates": [-41.51205, -18.1406]}}, {"type": "Feature", "properties": {"cd_ibge": 3126901}, "geometry": {"type": "Point", "coordinates": [-41.8697, -18.522100000000002]}}, {"type": "Feature", "properties": {"cd_ibge": 3126950}, "geometry": {"type": "Point", "coordinates": [-42.7531, -18.14715]}}, {"type": "Feature", "properties": {"cd_ibge": 3127008}, "geometry": {"type": "Point", "coordinates": [-49.165549999999996, -20.2192]}}, {"type": "Feature", "properties": {"cd_ibge": 3127057}, "geometry": {"type": "Point", "coordinates": [-40.8374, -16.8901]}}, {"type": "Feature", "properties": {"cd_ibge": 3127073}, "geometry": {"type": "Point", "coordinates": [-42.524100000000004, -16.1298]}}, {"type": "Feature", "properties": {"cd_ibge": 3127107}, "geometry": {"type": "Point", "coordinates": [-49.019000000000005, -20.10895]}}, {"type": "Feature", "properties": {"cd_ibge": 3127206}, "geometry": {"type": "Point", "coordinates": [-44.06955, -19.3598]}}, {"type": "Feature", "properties": {"cd_ibge": 3127305}, "geometry": {"type": "Point", "coordinates": [-41.52845, -18.8899]}}, {"type": "Feature", "properties": {"cd_ibge": 3127339}, "geometry": {"type": "Point", "coordinates": [-43.2618, -14.9817]}}, {"type": "Feature", "properties": {"cd_ibge": 3127354}, "geometry": {"type": "Point", "coordinates": [-43.63445, -16.8991]}}, {"type": "Feature", "properties": {"cd_ibge": 3127370}, "geometry": {"type": "Point", "coordinates": [-41.22395, -19.0409]}}, {"type": "Feature", "properties": {"cd_ibge": 3127388}, "geometry": {"type": "Point", "coordinates": [-43.18405, -21.5628]}}, {"type": "Feature", "properties": {"cd_ibge": 3127404}, "geometry": {"type": "Point", "coordinates": [-45.82355, -22.6841]}}, {"type": "Feature", "properties": {"cd_ibge": 3127503}, "geometry": {"type": "Point", "coordinates": [-42.4848, -18.87]}}, {"type": "Feature", "properties": {"cd_ibge": 3127602}, "geometry": {"type": "Point", "coordinates": [-43.867450000000005, -18.505200000000002]}}, {"type": "Feature", "properties": {"cd_ibge": 3127701}, "geometry": {"type": "Point", "coordinates": [-41.9397, -18.7954]}}, {"type": "Feature", "properties": {"cd_ibge": 3127800}, "geometry": {"type": "Point", "coordinates": [-42.9743, -16.4746]}}, {"type": "Feature", "properties": {"cd_ibge": 3127909}, "geometry": {"type": "Point", "coordinates": [-47.76445, -18.488300000000002]}}, {"type": "Feature", "properties": {"cd_ibge": 3128006}, "geometry": {"type": "Point", "coordinates": [-42.809250000000006, -18.85615]}}, {"type": "Feature", "properties": {"cd_ibge": 3128105}, "geometry": {"type": "Point", "coordinates": [-45.924099999999996, -20.74295]}}, {"type": "Feature", "properties": {"cd_ibge": 3128204}, "geometry": {"type": "Point", "coordinates": [-43.0192, -20.563499999999998]}}, {"type": "Feature", "properties": {"cd_ibge": 3128253}, "geometry": {"type": "Point", "coordinates": [-43.604200000000006, -17.0657]}}, {"type": "Feature", "properties": {"cd_ibge": 3128303}, "geometry": {"type": "Point", "coordinates": [-46.8043, -21.27935]}}, {"type": "Feature", "properties": {"cd_ibge": 3128402}, "geometry": {"type": "Point", "coordinates": [-43.054050000000004, -21.365000000000002]}}, {"type": "Feature", "properties": {"cd_ibge": 3128501}, "geometry": {"type": "Point", "coordinates": [-43.0158, -21.76285]}}, {"type": "Feature", "properties": {"cd_ibge": 3128600}, "geometry": {"type": "Point", "coordinates": [-47.1148, -17.7524]}}, {"type": "Feature", "properties": {"cd_ibge": 3128709}, "geometry": {"type": "Point", "coordinates": [-46.6833, -21.29065]}}, {"type": "Feature", "properties": {"cd_ibge": 3128808}, "geometry": {"type": "Point", "coordinates": [-42.784549999999996, -21.182299999999998]}}, {"type": "Feature", "properties": {"cd_ibge": 3128907}, "geometry": {"type": "Point", "coordinates": [-46.74435, -18.796300000000002]}}, {"type": "Feature", "properties": {"cd_ibge": 3129004}, "geometry": {"type": "Point", "coordinates": [-42.701, -21.0168]}}, {"type": "Feature", "properties": {"cd_ibge": 3129103}, "geometry": {"type": "Point", "coordinates": [-49.86405, -19.05825]}}, {"type": "Feature", "properties": {"cd_ibge": 3129202}, "geometry": {"type": "Point", "coordinates": [-45.5456, -22.045050000000003]}}, {"type": "Feature", "properties": {"cd_ibge": 3129301}, "geometry": {"type": "Point", "coordinates": [-42.24445, -19.35155]}}, {"type": "Feature", "properties": {"cd_ibge": 3129400}, "geometry": {"type": "Point", "coordinates": [-43.95625, -21.44835]}}, {"type": "Feature", "properties": {"cd_ibge": 3129509}, "geometry": {"type": "Point", "coordinates": [-46.58625, -19.60915]}}, {"type": "Feature", "properties": {"cd_ibge": 3129608}, "geometry": {"type": "Point", "coordinates": [-44.8143, -16.832700000000003]}}, {"type": "Feature", "properties": {"cd_ibge": 3129657}, "geometry": {"type": "Point", "coordinates": [-44.153850000000006, -15.65105]}}, {"type": "Feature", "properties": {"cd_ibge": 3129707}, "geometry": {"type": "Point", "coordinates": [-47.1057, -20.39015]}}, {"type": "Feature", "properties": {"cd_ibge": 3129806}, "geometry": {"type": "Point", "coordinates": [-44.0673, -20.0236]}}, {"type": "Feature", "properties": {"cd_ibge": 3129905}, "geometry": {"type": "Point", "coordinates": [-46.400099999999995, -22.065649999999998]}}, {"type": "Feature", "properties": {"cd_ibge": 3130002}, "geometry": {"type": "Point", "coordinates": [-44.7896, -21.1711]}}, {"type": "Feature", "properties": {"cd_ibge": 3130051}, "geometry": {"type": "Point", "coordinates": [-44.869749999999996, -16.2289]}}, {"type": "Feature", "properties": {"cd_ibge": 3130101}, "geometry": {"type": "Point", "coordinates": [-44.32365, -20.05855]}}, {"type": "Feature", "properties": {"cd_ibge": 3130200}, "geometry": {"type": "Point", "coordinates": [-44.714349999999996, -19.97595]}}, {"type": "Feature", "properties": {"cd_ibge": 3130309}, "geometry": {"type": "Point", "coordinates": [-45.761250000000004, -20.1348]}}, {"type": "Feature", "properties": {"cd_ibge": 3130408}, "geometry": {"type": "Point", "coordinates": [-44.928200000000004, -21.174100000000003]}}, {"type": "Feature", "properties": {"cd_ibge": 3130507}, "geometry": {"type": "Point", "coordinates": [-45.81395, -20.932499999999997]}}, {"type": "Feature", "properties": {"cd_ibge": 3130556}, "geometry": {"type": "Point", "coordinates": [-41.97055, -19.63605]}}, {"type": "Feature", "properties": {"cd_ibge": 3130606}, "geometry": {"type": "Point", "coordinates": [-46.2877, -22.34565]}}, {"type": "Feature", "properties": {"cd_ibge": 3130655}, "geometry": {"type": "Point", "coordinates": [-42.127449999999996, -15.563849999999999]}}, {"type": "Feature", "properties": {"cd_ibge": 3130705}, "geometry": {"type": "Point", "coordinates": [-47.8638, -18.96685]}}, {"type": "Feature", "properties": {"cd_ibge": 3130804}, "geometry": {"type": "Point", "coordinates": [-44.946299999999994, -21.4244]}}, {"type": "Feature", "properties": {"cd_ibge": 3130903}, "geometry": {"type": "Point", "coordinates": [-41.9483, -19.4852]}}, {"type": "Feature", "properties": {"cd_ibge": 3131000}, "geometry": {"type": "Point", "coordinates": [-44.4242, -19.499200000000002]}}, {"type": "Feature", "properties": {"cd_ibge": 3131109}, "geometry": {"type": "Point", "coordinates": [-44.277950000000004, -18.773600000000002]}}, {"type": "Feature", "properties": {"cd_ibge": 3131158}, "geometry": {"type": "Point", "coordinates": [-42.35525, -19.3966]}}, {"type": "Feature", "properties": {"cd_ibge": 3131208}, "geometry": {"type": "Point", "coordinates": [-41.74795, -19.7546]}}, {"type": "Feature", "properties": {"cd_ibge": 3131307}, "geometry": {"type": "Point", "coordinates": [-42.59965, -19.4443]}}, {"type": "Feature", "properties": {"cd_ibge": 3131406}, "geometry": {"type": "Point", "coordinates": [-49.93625, -18.70675]}}, {"type": "Feature", "properties": {"cd_ibge": 3131505}, "geometry": {"type": "Point", "coordinates": [-46.15015, -22.0049]}}, {"type": "Feature", "properties": {"cd_ibge": 3131604}, "geometry": {"type": "Point", "coordinates": [-47.46095, -19.0486]}}, {"type": "Feature", "properties": {"cd_ibge": 3131703}, "geometry": {"type": "Point", "coordinates": [-43.29885, -19.60335]}}, {"type": "Feature", "properties": {"cd_ibge": 3131802}, "geometry": {"type": "Point", "coordinates": [-41.2393, -18.551499999999997]}}, {"type": "Feature", "properties": {"cd_ibge": 3131901}, "geometry": {"type": "Point", "coordinates": [-43.797200000000004, -20.2553]}}, {"type": "Feature", "properties": {"cd_ibge": 3132008}, "geometry": {"type": "Point", "coordinates": [-43.3434, -16.9105]}}, {"type": "Feature", "properties": {"cd_ibge": 3132107}, "geometry": {"type": "Point", "coordinates": [-44.206, -15.206150000000001]}}, {"type": "Feature", "properties": {"cd_ibge": 3132206}, "geometry": {"type": "Point", "coordinates": [-44.53295, -20.370849999999997]}}, {"type": "Feature", "properties": {"cd_ibge": 3132305}, "geometry": {"type": "Point", "coordinates": [-41.6662, -17.417949999999998]}}, {"type": "Feature", "properties": {"cd_ibge": 3132404}, "geometry": {"type": "Point", "coordinates": [-45.3954, -22.439500000000002]}}, {"type": "Feature", "properties": {"cd_ibge": 3132503}, "geometry": {"type": "Point", "coordinates": [-42.8723, -17.84835]}}, {"type": "Feature", "properties": {"cd_ibge": 3132602}, "geometry": {"type": "Point", "coordinates": [-42.8455, -21.4269]}}, {"type": "Feature", "properties": {"cd_ibge": 3132701}, "geometry": {"type": "Point", "coordinates": [-41.8299, -18.1785]}}, {"type": "Feature", "properties": {"cd_ibge": 3132800}, "geometry": {"type": "Point", "coordinates": [-43.3566, -19.410600000000002]}}, {"type": "Feature", "properties": {"cd_ibge": 3132909}, "geometry": {"type": "Point", "coordinates": [-47.041650000000004, -21.0751]}}, {"type": "Feature", "properties": {"cd_ibge": 3133006}, "geometry": {"type": "Point", "coordinates": [-44.746700000000004, -22.28965]}}, {"type": "Feature", "properties": {"cd_ibge": 3133105}, "geometry": {"type": "Point", "coordinates": [-44.911249999999995, -22.329349999999998]}}, {"type": "Feature", "properties": {"cd_ibge": 3133204}, "geometry": {"type": "Point", "coordinates": [-41.819649999999996, -19.14785]}}, {"type": "Feature", "properties": {"cd_ibge": 3133303}, "geometry": {"type": "Point", "coordinates": [-41.51825, -16.57765]}}, {"type": "Feature", "properties": {"cd_ibge": 3133402}, "geometry": {"type": "Point", "coordinates": [-49.44625, -19.75585]}}, {"type": "Feature", "properties": {"cd_ibge": 3133501}, "geometry": {"type": "Point", "coordinates": [-45.10205, -20.455]}}, {"type": "Feature", "properties": {"cd_ibge": 3133600}, "geometry": {"type": "Point", "coordinates": [-46.216300000000004, -22.70715]}}, {"type": "Feature", "properties": {"cd_ibge": 3133709}, "geometry": {"type": "Point", "coordinates": [-44.45525, -20.2058]}}, {"type": "Feature", "properties": {"cd_ibge": 3133758}, "geometry": {"type": "Point", "coordinates": [-46.7704, -20.73575]}}, {"type": "Feature", "properties": {"cd_ibge": 3133808}, "geometry": {"type": "Point", "coordinates": [-44.581500000000005, -20.08025]}}, {"type": "Feature", "properties": {"cd_ibge": 3133907}, "geometry": {"type": "Point", "coordinates": [-43.5995, -20.67595]}}, {"type": "Feature", "properties": {"cd_ibge": 3134004}, "geometry": {"type": "Point", "coordinates": [-41.85485, -16.6016]}}, {"type": "Feature", "properties": {"cd_ibge": 3134103}, "geometry": {"type": "Point", "coordinates": [-41.1006, -19.373150000000003]}}, {"type": "Feature", "properties": {"cd_ibge": 3134202}, "geometry": {"type": "Point", "coordinates": [-49.52695, -18.98545]}}, {"type": "Feature", "properties": {"cd_ibge": 3134301}, "geometry": {"type": "Point", "coordinates": [-44.8271, -21.28]}}, {"type": "Feature", "properties": {"cd_ibge": 3134400}, "geometry": {"type": "Point", "coordinates": [-50.3876, -19.71415]}}, {"type": "Feature", "properties": {"cd_ibge": 3134509}, "geometry": {"type": "Point", "coordinates": [-44.7091, -21.3447]}}, {"type": "Feature", "properties": {"cd_ibge": 3134608}, "geometry": {"type": "Point", "coordinates": [-43.7188, -19.42475]}}, {"type": "Feature", "properties": {"cd_ibge": 3134707}, "geometry": {"type": "Point", "coordinates": [-40.31645, -16.1939]}}, {"type": "Feature", "properties": {"cd_ibge": 3134806}, "geometry": {"type": "Point", "coordinates": [-46.75385, -21.0242]}}, {"type": "Feature", "properties": {"cd_ibge": 3134905}, "geometry": {"type": "Point", "coordinates": [-46.6038, -22.2848]}}, {"type": "Feature", "properties": {"cd_ibge": 3135001}, "geometry": {"type": "Point", "coordinates": [-42.71635, -19.626800000000003]}}, {"type": "Feature", "properties": {"cd_ibge": 3135050}, "geometry": {"type": "Point", "coordinates": [-43.68915, -15.2501]}}, {"type": "Feature", "properties": {"cd_ibge": 3135076}, "geometry": {"type": "Point", "coordinates": [-41.758750000000006, -18.4788]}}, {"type": "Feature", "properties": {"cd_ibge": 3135100}, "geometry": {"type": "Point", "coordinates": [-43.41685, -15.728200000000001]}}, {"type": "Feature", "properties": {"cd_ibge": 3135209}, "geometry": {"type": "Point", "coordinates": [-44.8592, -15.32055]}}, {"type": "Feature", "properties": {"cd_ibge": 3135308}, "geometry": {"type": "Point", "coordinates": [-45.5332, -20.134]}}, {"type": "Feature", "properties": {"cd_ibge": 3135357}, "geometry": {"type": "Point", "coordinates": [-44.320499999999996, -15.9334]}}, {"type": "Feature", "properties": {"cd_ibge": 3135407}, "geometry": {"type": "Point", "coordinates": [-44.044349999999994, -20.554699999999997]}}, {"type": "Feature", "properties": {"cd_ibge": 3135456}, "geometry": {"type": "Point", "coordinates": [-42.21335, -17.18665]}}, {"type": "Feature", "properties": {"cd_ibge": 3135506}, "geometry": {"type": "Point", "coordinates": [-42.6239, -20.4743]}}, {"type": "Feature", "properties": {"cd_ibge": 3135605}, "geometry": {"type": "Point", "coordinates": [-44.478300000000004, -17.20125]}}, {"type": "Feature", "properties": {"cd_ibge": 3135704}, "geometry": {"type": "Point", "coordinates": [-43.9987, -19.2078]}}, {"type": "Feature", "properties": {"cd_ibge": 3135803}, "geometry": {"type": "Point", "coordinates": [-41.05815, -16.40185]}}, {"type": "Feature", "properties": {"cd_ibge": 3135902}, "geometry": {"type": "Point", "coordinates": [-45.2856, -22.0064]}}, {"type": "Feature", "properties": {"cd_ibge": 3136009}, "geometry": {"type": "Point", "coordinates": [-40.9906, -16.798099999999998]}}, {"type": "Feature", "properties": {"cd_ibge": 3136108}, "geometry": {"type": "Point", "coordinates": [-42.70925, -19.226599999999998]}}, {"type": "Feature", "properties": {"cd_ibge": 3136207}, "geometry": {"type": "Point", "coordinates": [-43.15625, -19.8395]}}, {"type": "Feature", "properties": {"cd_ibge": 3136306}, "geometry": {"type": "Point", "coordinates": [-45.972899999999996, -17.6437]}}, {"type": "Feature", "properties": {"cd_ibge": 3136405}, "geometry": {"type": "Point", "coordinates": [-44.12715, -17.6456]}}, {"type": "Feature", "properties": {"cd_ibge": 3136504}, "geometry": {"type": "Point", "coordinates": [-40.3155, -15.873850000000001]}}, {"type": "Feature", "properties": {"cd_ibge": 3136520}, "geometry": {"type": "Point", "coordinates": [-42.6492, -16.901049999999998]}}, {"type": "Feature", "properties": {"cd_ibge": 3136553}, "geometry": {"type": "Point", "coordinates": [-42.48955, -18.258499999999998]}}, {"type": "Feature", "properties": {"cd_ibge": 3136579}, "geometry": {"type": "Point", "coordinates": [-42.53825, -16.52065]}}, {"type": "Feature", "properties": {"cd_ibge": 3136603}, "geometry": {"type": "Point", "coordinates": [-43.57895, -19.62105]}}, {"type": "Feature", "properties": {"cd_ibge": 3136652}, "geometry": {"type": "Point", "coordinates": [-44.35475, -19.95505]}}, {"type": "Feature", "properties": {"cd_ibge": 3136702}, "geometry": {"type": "Point", "coordinates": [-43.4166, -21.75975]}}, {"type": "Feature", "properties": {"cd_ibge": 3136801}, "geometry": {"type": "Point", "coordinates": [-43.566950000000006, -16.8522]}}, {"type": "Feature", "properties": {"cd_ibge": 3136900}, "geometry": {"type": "Point", "coordinates": [-46.5142, -21.22895]}}, {"type": "Feature", "properties": {"cd_ibge": 3136959}, "geometry": {"type": "Point", "coordinates": [-44.060249999999996, -14.399149999999999]}}, {"type": "Feature", "properties": {"cd_ibge": 3137007}, "geometry": {"type": "Point", "coordinates": [-41.83835, -17.606450000000002]}}, {"type": "Feature", "properties": {"cd_ibge": 3137106}, "geometry": {"type": "Point", "coordinates": [-46.7461, -18.02825]}}, {"type": "Feature", "properties": {"cd_ibge": 3137205}, "geometry": {"type": "Point", "coordinates": [-45.49395, -19.99915]}}, {"type": "Feature", "properties": {"cd_ibge": 3137304}, "geometry": {"type": "Point", "coordinates": [-44.660799999999995, -17.0123]}}, {"type": "Feature", "properties": {"cd_ibge": 3137403}, "geometry": {"type": "Point", "coordinates": [-44.06225, -20.89405]}}, {"type": "Feature", "properties": {"cd_ibge": 3137502}, "geometry": {"type": "Point", "coordinates": [-46.3011, -18.76095]}}, {"type": "Feature", "properties": {"cd_ibge": 3137536}, "geometry": {"type": "Point", "coordinates": [-46.50025, -17.750799999999998]}}, {"type": "Feature", "properties": {"cd_ibge": 3137601}, "geometry": {"type": "Point", "coordinates": [-43.88505, -19.62605]}}, {"type": "Feature", "properties": {"cd_ibge": 3137700}, "geometry": {"type": "Point", "coordinates": [-41.58435, -20.120350000000002]}}, {"type": "Feature", "properties": {"cd_ibge": 3137809}, "geometry": {"type": "Point", "coordinates": [-45.376400000000004, -21.9952]}}, {"type": "Feature", "properties": {"cd_ibge": 3137908}, "geometry": {"type": "Point", "coordinates": [-43.4842, -20.776000000000003]}}, {"type": "Feature", "properties": {"cd_ibge": 3138005}, "geometry": {"type": "Point", "coordinates": [-42.4563, -21.3525]}}, {"type": "Feature", "properties": {"cd_ibge": 3138104}, "geometry": {"type": "Point", "coordinates": [-44.70225, -17.87645]}}, {"type": "Feature", "properties": {"cd_ibge": 3138203}, "geometry": {"type": "Point", "coordinates": [-45.0226, -21.2628]}}, {"type": "Feature", "properties": {"cd_ibge": 3138302}, "geometry": {"type": "Point", "coordinates": [-45.039699999999996, -19.66805]}}, {"type": "Feature", "properties": {"cd_ibge": 3138351}, "geometry": {"type": "Point", "coordinates": [-42.72665, -17.06325]}}, {"type": "Feature", "properties": {"cd_ibge": 3138401}, "geometry": {"type": "Point", "coordinates": [-42.65995, -21.54815]}}, {"type": "Feature", "properties": {"cd_ibge": 3138500}, "geometry": {"type": "Point", "coordinates": [-44.3324, -22.0098]}}, {"type": "Feature", "properties": {"cd_ibge": 3138609}, "geometry": {"type": "Point", "coordinates": [-43.8677, -21.8]}}, {"type": "Feature", "properties": {"cd_ibge": 3138625}, "geometry": {"type": "Point", "coordinates": [-50.6654, -19.4195]}}, {"type": "Feature", "properties": {"cd_ibge": 3138658}, "geometry": {"type": "Point", "coordinates": [-44.27395, -15.84075]}}, {"type": "Feature", "properties": {"cd_ibge": 3138674}, "geometry": {"type": "Point", "coordinates": [-42.070949999999996, -20.43495]}}, {"type": "Feature", "properties": {"cd_ibge": 3138682}, "geometry": {"type": "Point", "coordinates": [-44.60295, -16.19725]}}, {"type": "Feature", "properties": {"cd_ibge": 3138708}, "geometry": {"type": "Point", "coordinates": [-44.9026, -21.523249999999997]}}, {"type": "Feature", "properties": {"cd_ibge": 3138807}, "geometry": {"type": "Point", "coordinates": [-45.70285, -19.864199999999997]}}, {"type": "Feature", "properties": {"cd_ibge": 3138906}, "geometry": {"type": "Point", "coordinates": [-40.711, -17.08475]}}, {"type": "Feature", "properties": {"cd_ibge": 3139003}, "geometry": {"type": "Point", "coordinates": [-45.904700000000005, -21.6772]}}, {"type": "Feature", "properties": {"cd_ibge": 3139102}, "geometry": {"type": "Point", "coordinates": [-44.3403, -21.491500000000002]}}, {"type": "Feature", "properties": {"cd_ibge": 3139201}, "geometry": {"type": "Point", "coordinates": [-42.09585, -17.85685]}}, {"type": "Feature", "properties": {"cd_ibge": 3139250}, "geometry": {"type": "Point", "coordinates": [-42.94475, -15.01415]}}, {"type": "Feature", "properties": {"cd_ibge": 3139300}, "geometry": {"type": "Point", "coordinates": [-44.10825, -14.6708]}}, {"type": "Feature", "properties": {"cd_ibge": 3139409}, "geometry": {"type": "Point", "coordinates": [-42.0864, -20.1833]}}, {"type": "Feature", "properties": {"cd_ibge": 3139508}, "geometry": {"type": "Point", "coordinates": [-41.933899999999994, -20.3493]}}, {"type": "Feature", "properties": {"cd_ibge": 3139607}, "geometry": {"type": "Point", "coordinates": [-41.091, -18.682850000000002]}}, {"type": "Feature", "properties": {"cd_ibge": 3139706}, "geometry": {"type": "Point", "coordinates": [-44.6685, -19.51435]}}, {"type": "Feature", "properties": {"cd_ibge": 3139805}, "geometry": {"type": "Point", "coordinates": [-43.01455, -21.865299999999998]}}, {"type": "Feature", "properties": {"cd_ibge": 3139904}, "geometry": {"type": "Point", "coordinates": [-45.30255, -22.317700000000002]}}, {"type": "Feature", "properties": {"cd_ibge": 3140001}, "geometry": {"type": "Point", "coordinates": [-43.3291, -20.335549999999998]}}, {"type": "Feature", "properties": {"cd_ibge": 3140100}, "geometry": {"type": "Point", "coordinates": [-42.05715, -18.4998]}}, {"type": "Feature", "properties": {"cd_ibge": 3140159}, "geometry": {"type": "Point", "coordinates": [-44.1688, -20.07395]}}, {"type": "Feature", "properties": {"cd_ibge": 3140209}, "geometry": {"type": "Point", "coordinates": [-42.9638, -21.696199999999997]}}, {"type": "Feature", "properties": {"cd_ibge": 3140308}, "geometry": {"type": "Point", "coordinates": [-42.645250000000004, -19.68275]}}, {"type": "Feature", "properties": {"cd_ibge": 3140407}, "geometry": {"type": "Point", "coordinates": [-45.1719, -22.46565]}}, {"type": "Feature", "properties": {"cd_ibge": 3140506}, "geometry": {"type": "Point", "coordinates": [-45.203, -19.38695]}}, {"type": "Feature", "properties": {"cd_ibge": 3140530}, "geometry": {"type": "Point", "coordinates": [-41.83885, -20.25445]}}, {"type": "Feature", "properties": {"cd_ibge": 3140555}, "geometry": {"type": "Point", "coordinates": [-40.7108, -15.767]}}, {"type": "Feature", "properties": {"cd_ibge": 3140605}, "geometry": {"type": "Point", "coordinates": [-43.019149999999996, -18.467100000000002]}}, {"type": "Feature", "properties": {"cd_ibge": 3140704}, "geometry": {"type": "Point", "coordinates": [-44.442750000000004, -20.0319]}}, {"type": "Feature", "properties": {"cd_ibge": 3140803}, "geometry": {"type": "Point", "coordinates": [-43.30305, -21.86985]}}, {"type": "Feature", "properties": {"cd_ibge": 3140852}, "geometry": {"type": "Point", "coordinates": [-43.75745, -14.83785]}}, {"type": "Feature", "properties": {"cd_ibge": 3140902}, "geometry": {"type": "Point", "coordinates": [-42.306, -20.3033]}}, {"type": "Feature", "properties": {"cd_ibge": 3141009}, "geometry": {"type": "Point", "coordinates": [-42.891850000000005, -15.456299999999999]}}, {"type": "Feature", "properties": {"cd_ibge": 3141108}, "geometry": {"type": "Point", "coordinates": [-44.065349999999995, -19.5295]}}, {"type": "Feature", "properties": {"cd_ibge": 3141207}, "geometry": {"type": "Point", "coordinates": [-45.97395, -19.184150000000002]}}, {"type": "Feature", "properties": {"cd_ibge": 3141306}, "geometry": {"type": "Point", "coordinates": [-46.37375, -20.0215]}}, {"type": "Feature", "properties": {"cd_ibge": 3141405}, "geometry": {"type": "Point", "coordinates": [-41.5001, -16.312150000000003]}}, {"type": "Feature", "properties": {"cd_ibge": 3141504}, "geometry": {"type": "Point", "coordinates": [-41.368700000000004, -18.6063]}}, {"type": "Feature", "properties": {"cd_ibge": 3141603}, "geometry": {"type": "Point", "coordinates": [-43.345600000000005, -21.1774]}}, {"type": "Feature", "properties": {"cd_ibge": 3141702}, "geometry": {"type": "Point", "coordinates": [-42.60825, -19.25025]}}, {"type": "Feature", "properties": {"cd_ibge": 3141801}, "geometry": {"type": "Point", "coordinates": [-42.39345, -17.355150000000002]}}, {"type": "Feature", "properties": {"cd_ibge": 3141900}, "geometry": {"type": "Point", "coordinates": [-44.59985, -21.6749]}}, {"type": "Feature", "properties": {"cd_ibge": 3142007}, "geometry": {"type": "Point", "coordinates": [-44.14495, -16.2584]}}, {"type": "Feature", "properties": {"cd_ibge": 3142106}, "geometry": {"type": "Point", "coordinates": [-42.3869, -20.85325]}}, {"type": "Feature", "properties": {"cd_ibge": 3142205}, "geometry": {"type": "Point", "coordinates": [-42.62905, -21.143]}}, {"type": "Feature", "properties": {"cd_ibge": 3142254}, "geometry": {"type": "Point", "coordinates": [-44.41635, -14.7501]}}, {"type": "Feature", "properties": {"cd_ibge": 3142304}, "geometry": {"type": "Point", "coordinates": [-44.00675, -20.32955]}}, {"type": "Feature", "properties": {"cd_ibge": 3142403}, "geometry": {"type": "Point", "coordinates": [-45.3988, -19.8462]}}, {"type": "Feature", "properties": {"cd_ibge": 3142502}, "geometry": {"type": "Point", "coordinates": [-44.0052, -18.39295]}}, {"type": "Feature", "properties": {"cd_ibge": 3142601}, "geometry": {"type": "Point", "coordinates": [-45.47965, -21.7312]}}, {"type": "Feature", "properties": {"cd_ibge": 3142700}, "geometry": {"type": "Point", "coordinates": [-44.49285, -14.47185]}}, {"type": "Feature", "properties": {"cd_ibge": 3142809}, "geometry": {"type": "Point", "coordinates": [-48.8936, -18.814]}}, {"type": "Feature", "properties": {"cd_ibge": 3142908}, "geometry": {"type": "Point", "coordinates": [-43.01305, -15.21785]}}, {"type": "Feature", "properties": {"cd_ibge": 3143005}, "geometry": {"type": "Point", "coordinates": [-46.323800000000006, -21.30585]}}, {"type": "Feature", "properties": {"cd_ibge": 3143104}, "geometry": {"type": "Point", "coordinates": [-47.4988, -18.7155]}}, {"type": "Feature", "properties": {"cd_ibge": 3143153}, "geometry": {"type": "Point", "coordinates": [-41.255449999999996, -16.88195]}}, {"type": "Feature", "properties": {"cd_ibge": 3143203}, "geometry": {"type": "Point", "coordinates": [-46.9545, -21.20485]}}, {"type": "Feature", "properties": {"cd_ibge": 3143302}, "geometry": {"type": "Point", "coordinates": [-43.939350000000005, -16.61505]}}, {"type": "Feature", "properties": {"cd_ibge": 3143401}, "geometry": {"type": "Point", "coordinates": [-46.5441, -22.427599999999998]}}, {"type": "Feature", "properties": {"cd_ibge": 3143450}, "geometry": {"type": "Point", "coordinates": [-42.4566, -15.2063]}}, {"type": "Feature", "properties": {"cd_ibge": 3143500}, "geometry": {"type": "Point", "coordinates": [-45.403999999999996, -18.5631]}}, {"type": "Feature", "properties": {"cd_ibge": 3143609}, "geometry": {"type": "Point", "coordinates": [-44.64205, -18.60385]}}, {"type": "Feature", "properties": {"cd_ibge": 3143708}, "geometry": {"type": "Point", "coordinates": [-43.4042, -19.21815]}}, {"type": "Feature", "properties": {"cd_ibge": 3143807}, "geometry": {"type": "Point", "coordinates": [-46.29155, -22.63605]}}, {"type": "Feature", "properties": {"cd_ibge": 3143906}, "geometry": {"type": "Point", "coordinates": [-42.41, -21.0862]}}, {"type": "Feature", "properties": {"cd_ibge": 3144003}, "geometry": {"type": "Point", "coordinates": [-41.4615, -19.9322]}}, {"type": "Feature", "properties": {"cd_ibge": 3144102}, "geometry": {"type": "Point", "coordinates": [-46.5248, -21.3731]}}, {"type": "Feature", "properties": {"cd_ibge": 3144201}, "geometry": {"type": "Point", "coordinates": [-42.18385, -18.485950000000003]}}, {"type": "Feature", "properties": {"cd_ibge": 3144300}, "geometry": {"type": "Point", "coordinates": [-40.5052, -17.73555]}}, {"type": "Feature", "properties": {"cd_ibge": 3144359}, "geometry": {"type": "Point", "coordinates": [-42.32385, -19.175800000000002]}}, {"type": "Feature", "properties": {"cd_ibge": 3144375}, "geometry": {"type": "Point", "coordinates": [-46.4778, -16.53965]}}, {"type": "Feature", "properties": {"cd_ibge": 3144409}, "geometry": {"type": "Point", "coordinates": [-45.49235, -22.143900000000002]}}, {"type": "Feature", "properties": {"cd_ibge": 3144508}, "geometry": {"type": "Point", "coordinates": [-44.59865, -21.213]}}, {"type": "Feature", "properties": {"cd_ibge": 3144607}, "geometry": {"type": "Point", "coordinates": [-45.2714, -21.21095]}}, {"type": "Feature", "properties": {"cd_ibge": 3144656}, "geometry": {"type": "Point", "coordinates": [-41.6245, -15.31395]}}, {"type": "Feature", "properties": {"cd_ibge": 3144672}, "geometry": {"type": "Point", "coordinates": [-41.10175, -18.48875]}}, {"type": "Feature", "properties": {"cd_ibge": 3144706}, "geometry": {"type": "Point", "coordinates": [-43.0092, -19.69525]}}, {"type": "Feature", "properties": {"cd_ibge": 3144805}, "geometry": {"type": "Point", "coordinates": [-43.89205, -20.07595]}}, {"type": "Feature", "properties": {"cd_ibge": 3144904}, "geometry": {"type": "Point", "coordinates": [-41.52345, -18.439]}}, {"type": "Feature", "properties": {"cd_ibge": 3145000}, "geometry": {"type": "Point", "coordinates": [-47.71145, -19.2474]}}, {"type": "Feature", "properties": {"cd_ibge": 3145059}, "geometry": {"type": "Point", "coordinates": [-43.27465, -15.718]}}, {"type": "Feature", "properties": {"cd_ibge": 3145109}, "geometry": {"type": "Point", "coordinates": [-46.41975, -21.083]}}, {"type": "Feature", "properties": {"cd_ibge": 3145208}, "geometry": {"type": "Point", "coordinates": [-44.9969, -19.859099999999998]}}, {"type": "Feature", "properties": {"cd_ibge": 3145307}, "geometry": {"type": "Point", "coordinates": [-41.9725, -17.3645]}}, {"type": "Feature", "properties": {"cd_ibge": 3145356}, "geometry": {"type": "Point", "coordinates": [-41.21145, -17.24005]}}, {"type": "Feature", "properties": {"cd_ibge": 3145372}, "geometry": {"type": "Point", "coordinates": [-42.4069, -16.0038]}}, {"type": "Feature", "properties": {"cd_ibge": 3145406}, "geometry": {"type": "Point", "coordinates": [-43.97585, -21.90915]}}, {"type": "Feature", "properties": {"cd_ibge": 3145455}, "geometry": {"type": "Point", "coordinates": [-43.547799999999995, -17.548299999999998]}}, {"type": "Feature", "properties": {"cd_ibge": 3145505}, "geometry": {"type": "Point", "coordinates": [-45.28765, -22.085050000000003]}}, {"type": "Feature", "properties": {"cd_ibge": 3145604}, "geometry": {"type": "Point", "coordinates": [-44.69445, -20.7538]}}, {"type": "Feature", "properties": {"cd_ibge": 3145703}, "geometry": {"type": "Point", "coordinates": [-43.5275, -21.32815]}}, {"type": "Feature", "properties": {"cd_ibge": 3145802}, "geometry": {"type": "Point", "coordinates": [-44.7379, -19.69775]}}, {"type": "Feature", "properties": {"cd_ibge": 3145851}, "geometry": {"type": "Point", "coordinates": [-42.792699999999996, -20.43755]}}, {"type": "Feature", "properties": {"cd_ibge": 3145877}, "geometry": {"type": "Point", "coordinates": [-42.2166, -20.51345]}}, {"type": "Feature", "properties": {"cd_ibge": 3145901}, "geometry": {"type": "Point", "coordinates": [-43.689949999999996, -20.5265]}}, {"type": "Feature", "properties": {"cd_ibge": 3146008}, "geometry": {"type": "Point", "coordinates": [-46.376000000000005, -22.2669]}}, {"type": "Feature", "properties": {"cd_ibge": 3146107}, "geometry": {"type": "Point", "coordinates": [-43.6676, -20.3966]}}, {"type": "Feature", "properties": {"cd_ibge": 3146206}, "geometry": {"type": "Point", "coordinates": [-41.298100000000005, -18.03255]}}, {"type": "Feature", "properties": {"cd_ibge": 3146255}, "geometry": {"type": "Point", "coordinates": [-42.59675, -16.308799999999998]}}, {"type": "Feature", "properties": {"cd_ibge": 3146305}, "geometry": {"type": "Point", "coordinates": [-41.5362, -17.0592]}}, {"type": "Feature", "properties": {"cd_ibge": 3146404}, "geometry": {"type": "Point", "coordinates": [-45.44925, -18.9046]}}, {"type": "Feature", "properties": {"cd_ibge": 3146503}, "geometry": {"type": "Point", "coordinates": [-45.6953, -20.39795]}}, {"type": "Feature", "properties": {"cd_ibge": 3146552}, "geometry": {"type": "Point", "coordinates": [-43.1221, -15.3494]}}, {"type": "Feature", "properties": {"cd_ibge": 3146602}, "geometry": {"type": "Point", "coordinates": [-43.4242, -21.2922]}}, {"type": "Feature", "properties": {"cd_ibge": 3146701}, "geometry": {"type": "Point", "coordinates": [-42.33025, -21.4416]}}, {"type": "Feature", "properties": {"cd_ibge": 3146750}, "geometry": {"type": "Point", "coordinates": [-40.36725, -16.77805]}}, {"type": "Feature", "properties": {"cd_ibge": 3146909}, "geometry": {"type": "Point", "coordinates": [-44.7011, -19.371850000000002]}}, {"type": "Feature", "properties": {"cd_ibge": 3147006}, "geometry": {"type": "Point", "coordinates": [-46.87165, -17.1082]}}, {"type": "Feature", "properties": {"cd_ibge": 3147105}, "geometry": {"type": "Point", "coordinates": [-44.610150000000004, -19.843049999999998]}}, {"type": "Feature", "properties": {"cd_ibge": 3147204}, "geometry": {"type": "Point", "coordinates": [-45.7612, -21.5683]}}, {"type": "Feature", "properties": {"cd_ibge": 3147303}, "geometry": {"type": "Point", "coordinates": [-45.8201, -22.5805]}}, {"type": "Feature", "properties": {"cd_ibge": 3147402}, "geometry": {"type": "Point", "coordinates": [-44.4518, -19.27955]}}, {"type": "Feature", "properties": {"cd_ibge": 3147501}, "geometry": {"type": "Point", "coordinates": [-43.1808, -19.35985]}}, {"type": "Feature", "properties": {"cd_ibge": 3147600}, "geometry": {"type": "Point", "coordinates": [-44.9554, -22.4032]}}, {"type": "Feature", "properties": {"cd_ibge": 3147709}, "geometry": {"type": "Point", "coordinates": [-44.47855, -20.65]}}, {"type": "Feature", "properties": {"cd_ibge": 3147808}, "geometry": {"type": "Point", "coordinates": [-44.2695, -22.16905]}}, {"type": "Feature", "properties": {"cd_ibge": 3147907}, "geometry": {"type": "Point", "coordinates": [-46.6211, -20.7214]}}, {"type": "Feature", "properties": {"cd_ibge": 3147956}, "geometry": {"type": "Point", "coordinates": [-44.1024, -16.08805]}}, {"type": "Feature", "properties": {"cd_ibge": 3148004}, "geometry": {"type": "Point", "coordinates": [-46.416, -18.634900000000002]}}, {"type": "Feature", "properties": {"cd_ibge": 3148103}, "geometry": {"type": "Point", "coordinates": [-47.07045, -18.98515]}}, {"type": "Feature", "properties": {"cd_ibge": 3148202}, "geometry": {"type": "Point", "coordinates": [-42.25515, -21.170099999999998]}}, {"type": "Feature", "properties": {"cd_ibge": 3148301}, "geometry": {"type": "Point", "coordinates": [-42.982150000000004, -20.87075]}}, {"type": "Feature", "properties": {"cd_ibge": 3148400}, "geometry": {"type": "Point", "coordinates": [-42.8655, -18.45535]}}, {"type": "Feature", "properties": {"cd_ibge": 3148509}, "geometry": {"type": "Point", "coordinates": [-41.0878, -17.4652]}}, {"type": "Feature", "properties": {"cd_ibge": 3148608}, "geometry": {"type": "Point", "coordinates": [-42.5361, -18.53895]}}, {"type": "Feature", "properties": {"cd_ibge": 3148707}, "geometry": {"type": "Point", "coordinates": [-41.1827, -15.9542]}}, {"type": "Feature", "properties": {"cd_ibge": 3148756}, "geometry": {"type": "Point", "coordinates": [-42.37405, -20.4695]}}, {"type": "Feature", "properties": {"cd_ibge": 3148806}, "geometry": {"type": "Point", "coordinates": [-42.72025, -20.595]}}, {"type": "Feature", "properties": {"cd_ibge": 3148905}, "geometry": {"type": "Point", "coordinates": [-45.23255, -20.283]}}, {"type": "Feature", "properties": {"cd_ibge": 3149002}, "geometry": {"type": "Point", "coordinates": [-42.154250000000005, -20.8278]}}, {"type": "Feature", "properties": {"cd_ibge": 3149101}, "geometry": {"type": "Point", "coordinates": [-45.4615, -22.2469]}}, {"type": "Feature", "properties": {"cd_ibge": 3149150}, "geometry": {"type": "Point", "coordinates": [-44.35655, -15.581700000000001]}}, {"type": "Feature", "properties": {"cd_ibge": 3149200}, "geometry": {"type": "Point", "coordinates": [-47.516549999999995, -19.18985]}}, {"type": "Feature", "properties": {"cd_ibge": 3149309}, "geometry": {"type": "Point", "coordinates": [-44.058099999999996, -19.6297]}}, {"type": "Feature", "properties": {"cd_ibge": 3149408}, "geometry": {"type": "Point", "coordinates": [-43.723749999999995, -21.731749999999998]}}, {"type": "Feature", "properties": {"cd_ibge": 3149507}, "geometry": {"type": "Point", "coordinates": [-43.12435, -21.8249]}}, {"type": "Feature", "properties": {"cd_ibge": 3149606}, "geometry": {"type": "Point", "coordinates": [-44.63565, -19.6191]}}, {"type": "Feature", "properties": {"cd_ibge": 3149705}, "geometry": {"type": "Point", "coordinates": [-45.053399999999996, -19.921149999999997]}}, {"type": "Feature", "properties": {"cd_ibge": 3149804}, "geometry": {"type": "Point", "coordinates": [-47.1518, -19.428649999999998]}}, {"type": "Feature", "properties": {"cd_ibge": 3149903}, "geometry": {"type": "Point", "coordinates": [-45.063100000000006, -21.062800000000003]}}, {"type": "Feature", "properties": {"cd_ibge": 3149952}, "geometry": {"type": "Point", "coordinates": [-42.24405, -19.08585]}}, {"type": "Feature", "properties": {"cd_ibge": 3150000}, "geometry": {"type": "Point", "coordinates": [-41.554550000000006, -18.336750000000002]}}, {"type": "Feature", "properties": {"cd_ibge": 3150109}, "geometry": {"type": "Point", "coordinates": [-43.3103, -21.51005]}}, {"type": "Feature", "properties": {"cd_ibge": 3150158}, "geometry": {"type": "Point", "coordinates": [-42.04675, -19.7637]}}, {"type": "Feature", "properties": {"cd_ibge": 3150208}, "geometry": {"type": "Point", "coordinates": [-42.72195000000001, -20.2408]}}, {"type": "Feature", "properties": {"cd_ibge": 3150307}, "geometry": {"type": "Point", "coordinates": [-44.1657, -21.4869]}}, {"type": "Feature", "properties": {"cd_ibge": 3150406}, "geometry": {"type": "Point", "coordinates": [-44.24665, -20.484949999999998]}}, {"type": "Feature", "properties": {"cd_ibge": 3150505}, "geometry": {"type": "Point", "coordinates": [-45.841449999999995, -20.514]}}, {"type": "Feature", "properties": {"cd_ibge": 3150539}, "geometry": {"type": "Point", "coordinates": [-42.423, -19.7424]}}, {"type": "Feature", "properties": {"cd_ibge": 3150570}, "geometry": {"type": "Point", "coordinates": [-45.2394, -16.058600000000002]}}, {"type": "Feature", "properties": {"cd_ibge": 3150604}, "geometry": {"type": "Point", "coordinates": [-44.42525, -20.52065]}}, {"type": "Feature", "properties": {"cd_ibge": 3150703}, "geometry": {"type": "Point", "coordinates": [-48.66075, -19.9433]}}, {"type": "Feature", "properties": {"cd_ibge": 3150802}, "geometry": {"type": "Point", "coordinates": [-43.2979, -20.625799999999998]}}, {"type": "Feature", "properties": {"cd_ibge": 3150901}, "geometry": {"type": "Point", "coordinates": [-45.50425, -22.55845]}}, {"type": "Feature", "properties": {"cd_ibge": 3151008}, "geometry": {"type": "Point", "coordinates": [-45.59125, -22.378999999999998]}}, {"type": "Feature", "properties": {"cd_ibge": 3151107}, "geometry": {"type": "Point", "coordinates": [-42.35025, -21.66435]}}, {"type": "Feature", "properties": {"cd_ibge": 3151206}, "geometry": {"type": "Point", "coordinates": [-44.8658, -17.3793]}}, {"type": "Feature", "properties": {"cd_ibge": 3151305}, "geometry": {"type": "Point", "coordinates": [-43.0225, -21.26105]}}, {"type": "Feature", "properties": {"cd_ibge": 3151404}, "geometry": {"type": "Point", "coordinates": [-44.8809, -19.588749999999997]}}, {"type": "Feature", "properties": {"cd_ibge": 3151503}, "geometry": {"type": "Point", "coordinates": [-46.06155, -20.4588]}}, {"type": "Feature", "properties": {"cd_ibge": 3151602}, "geometry": {"type": "Point", "coordinates": [-48.63634999999999, -20.070300000000003]}}, {"type": "Feature", "properties": {"cd_ibge": 3151701}, "geometry": {"type": "Point", "coordinates": [-45.997249999999994, -21.8072]}}, {"type": "Feature", "properties": {"cd_ibge": 3151800}, "geometry": {"type": "Point", "coordinates": [-46.544650000000004, -21.820500000000003]}}, {"type": "Feature", "properties": {"cd_ibge": 3151909}, "geometry": {"type": "Point", "coordinates": [-41.55695, -19.5554]}}, {"type": "Feature", "properties": {"cd_ibge": 3152006}, "geometry": {"type": "Point", "coordinates": [-44.927949999999996, -19.1451]}}, {"type": "Feature", "properties": {"cd_ibge": 3152105}, "geometry": {"type": "Point", "coordinates": [-42.911, -20.4208]}}, {"type": "Feature", "properties": {"cd_ibge": 3152131}, "geometry": {"type": "Point", "coordinates": [-44.959450000000004, -16.6041]}}, {"type": "Feature", "properties": {"cd_ibge": 3152170}, "geometry": {"type": "Point", "coordinates": [-41.51605, -16.84105]}}, {"type": "Feature", "properties": {"cd_ibge": 3152204}, "geometry": {"type": "Point", "coordinates": [-43.04185, -15.746199999999998]}}, {"type": "Feature", "properties": {"cd_ibge": 3152303}, "geometry": {"type": "Point", "coordinates": [-43.075900000000004, -20.66625]}}, {"type": "Feature", "properties": {"cd_ibge": 3152402}, "geometry": {"type": "Point", "coordinates": [-41.796400000000006, -17.806150000000002]}}, {"type": "Feature", "properties": {"cd_ibge": 3152501}, "geometry": {"type": "Point", "coordinates": [-45.9405, -22.262549999999997]}}, {"type": "Feature", "properties": {"cd_ibge": 3152600}, "geometry": {"type": "Point", "coordinates": [-44.933049999999994, -22.17725]}}, {"type": "Feature", "properties": {"cd_ibge": 3152709}, "geometry": {"type": "Point", "coordinates": [-44.05495, -21.1152]}}, {"type": "Feature", "properties": {"cd_ibge": 3152808}, "geometry": {"type": "Point", "coordinates": [-48.9079, -19.27565]}}, {"type": "Feature", "properties": {"cd_ibge": 3152907}, "geometry": {"type": "Point", "coordinates": [-46.8549, -20.7835]}}, {"type": "Feature", "properties": {"cd_ibge": 3153004}, "geometry": {"type": "Point", "coordinates": [-46.39765, -19.7628]}}, {"type": "Feature", "properties": {"cd_ibge": 3153103}, "geometry": {"type": "Point", "coordinates": [-43.15745, -20.777549999999998]}}, {"type": "Feature", "properties": {"cd_ibge": 3153202}, "geometry": {"type": "Point", "coordinates": [-44.083200000000005, -18.7117]}}, {"type": "Feature", "properties": {"cd_ibge": 3153301}, "geometry": {"type": "Point", "coordinates": [-43.5824, -18.6256]}}, {"type": "Feature", "properties": {"cd_ibge": 3153400}, "geometry": {"type": "Point", "coordinates": [-46.382400000000004, -18.1619]}}, {"type": "Feature", "properties": {"cd_ibge": 3153509}, "geometry": {"type": "Point", "coordinates": [-41.949600000000004, -20.4387]}}, {"type": "Feature", "properties": {"cd_ibge": 3153608}, "geometry": {"type": "Point", "coordinates": [-44.1104, -19.4697]}}, {"type": "Feature", "properties": {"cd_ibge": 3153707}, "geometry": {"type": "Point", "coordinates": [-45.58955, -19.259050000000002]}}, {"type": "Feature", "properties": {"cd_ibge": 3153806}, "geometry": {"type": "Point", "coordinates": [-43.88675, -20.73155]}}, {"type": "Feature", "properties": {"cd_ibge": 3153905}, "geometry": {"type": "Point", "coordinates": [-43.78185, -19.9782]}}, {"type": "Feature", "properties": {"cd_ibge": 3154002}, "geometry": {"type": "Point", "coordinates": [-42.3554, -20.02455]}}, {"type": "Feature", "properties": {"cd_ibge": 3154101}, "geometry": {"type": "Point", "coordinates": [-42.452, -21.51795]}}, {"type": "Feature", "properties": {"cd_ibge": 3154150}, "geometry": {"type": "Point", "coordinates": [-41.93915, -20.2334]}}, {"type": "Feature", "properties": {"cd_ibge": 3154200}, "geometry": {"type": "Point", "coordinates": [-44.298, -20.8641]}}, {"type": "Feature", "properties": {"cd_ibge": 3154309}, "geometry": {"type": "Point", "coordinates": [-41.152150000000006, -19.21735]}}, {"type": "Feature", "properties": {"cd_ibge": 3154408}, "geometry": {"type": "Point", "coordinates": [-43.77045, -21.085250000000002]}}, {"type": "Feature", "properties": {"cd_ibge": 3154457}, "geometry": {"type": "Point", "coordinates": [-45.9645, -16.273049999999998]}}, {"type": "Feature", "properties": {"cd_ibge": 3154507}, "geometry": {"type": "Point", "coordinates": [-42.98675, -16.04605]}}, {"type": "Feature", "properties": {"cd_ibge": 3154606}, "geometry": {"type": "Point", "coordinates": [-44.0697, -19.7772]}}, {"type": "Feature", "properties": {"cd_ibge": 3154705}, "geometry": {"type": "Point", "coordinates": [-45.0845, -21.14965]}}, {"type": "Feature", "properties": {"cd_ibge": 3154804}, "geometry": {"type": "Point", "coordinates": [-43.76685, -20.09945]}}, {"type": "Feature", "properties": {"cd_ibge": 3154903}, "geometry": {"type": "Point", "coordinates": [-42.65575, -20.13145]}}, {"type": "Feature", "properties": {"cd_ibge": 3155009}, "geometry": {"type": "Point", "coordinates": [-42.893550000000005, -20.21265]}}, {"type": "Feature", "properties": {"cd_ibge": 3155108}, "geometry": {"type": "Point", "coordinates": [-40.55775, -16.68515]}}, {"type": "Feature", "properties": {"cd_ibge": 3155207}, "geometry": {"type": "Point", "coordinates": [-43.4952, -20.859099999999998]}}, {"type": "Feature", "properties": {"cd_ibge": 3155306}, "geometry": {"type": "Point", "coordinates": [-44.352999999999994, -20.2557]}}, {"type": "Feature", "properties": {"cd_ibge": 3155405}, "geometry": {"type": "Point", "coordinates": [-43.15205, -21.4811]}}, {"type": "Feature", "properties": {"cd_ibge": 3155504}, "geometry": {"type": "Point", "coordinates": [-46.3113, -19.247149999999998]}}, {"type": "Feature", "properties": {"cd_ibge": 3155603}, "geometry": {"type": "Point", "coordinates": [-42.50315, -15.773900000000001]}}, {"type": "Feature", "properties": {"cd_ibge": 3155702}, "geometry": {"type": "Point", "coordinates": [-43.1563, -19.961100000000002]}}, {"type": "Feature", "properties": {"cd_ibge": 3155801}, "geometry": {"type": "Point", "coordinates": [-43.1725, -21.233400000000003]}}, {"type": "Feature", "properties": {"cd_ibge": 3155900}, "geometry": {"type": "Point", "coordinates": [-43.8565, -22.05]}}, {"type": "Feature", "properties": {"cd_ibge": 3156007}, "geometry": {"type": "Point", "coordinates": [-43.069050000000004, -18.24875]}}, {"type": "Feature", "properties": {"cd_ibge": 3156106}, "geometry": {"type": "Point", "coordinates": [-44.3765, -20.976300000000002]}}, {"type": "Feature", "properties": {"cd_ibge": 3156205}, "geometry": {"type": "Point", "coordinates": [-43.034400000000005, -21.6399]}}, {"type": "Feature", "properties": {"cd_ibge": 3156304}, "geometry": {"type": "Point", "coordinates": [-42.8495, -21.2135]}}, {"type": "Feature", "properties": {"cd_ibge": 3156403}, "geometry": {"type": "Point", "coordinates": [-47.54745, -18.90685]}}, {"type": "Feature", "properties": {"cd_ibge": 3156452}, "geometry": {"type": "Point", "coordinates": [-42.5026, -20.98305]}}, {"type": "Feature", "properties": {"cd_ibge": 3156502}, "geometry": {"type": "Point", "coordinates": [-42.192800000000005, -16.3619]}}, {"type": "Feature", "properties": {"cd_ibge": 3156601}, "geometry": {"type": "Point", "coordinates": [-40.5124, -16.44295]}}, {"type": "Feature", "properties": {"cd_ibge": 3156700}, "geometry": {"type": "Point", "coordinates": [-43.792199999999994, -19.8457]}}, {"type": "Feature", "properties": {"cd_ibge": 3156809}, "geometry": {"type": "Point", "coordinates": [-43.048950000000005, -18.64965]}}, {"type": "Feature", "properties": {"cd_ibge": 3156908}, "geometry": {"type": "Point", "coordinates": [-47.223200000000006, -19.857149999999997]}}, {"type": "Feature", "properties": {"cd_ibge": 3157005}, "geometry": {"type": "Point", "coordinates": [-42.134550000000004, -16.08545]}}, {"type": "Feature", "properties": {"cd_ibge": 3157104}, "geometry": {"type": "Point", "coordinates": [-40.043099999999995, -16.12245]}}, {"type": "Feature", "properties": {"cd_ibge": 3157203}, "geometry": {"type": "Point", "coordinates": [-43.45295, -20.05365]}}, {"type": "Feature", "properties": {"cd_ibge": 3157252}, "geometry": {"type": "Point", "coordinates": [-42.094750000000005, -19.9523]}}, {"type": "Feature", "properties": {"cd_ibge": 3157278}, "geometry": {"type": "Point", "coordinates": [-43.7184, -21.96185]}}, {"type": "Feature", "properties": {"cd_ibge": 3157302}, "geometry": {"type": "Point", "coordinates": [-43.5242, -21.243499999999997]}}, {"type": "Feature", "properties": {"cd_ibge": 3157336}, "geometry": {"type": "Point", "coordinates": [-44.2174, -21.12125]}}, {"type": "Feature", "properties": {"cd_ibge": 3157377}, "geometry": {"type": "Point", "coordinates": [-41.775549999999996, -16.0454]}}, {"type": "Feature", "properties": {"cd_ibge": 3157401}, "geometry": {"type": "Point", "coordinates": [-42.81345, -20.22905]}}, {"type": "Feature", "properties": {"cd_ibge": 3157500}, "geometry": {"type": "Point", "coordinates": [-42.3968, -18.8634]}}, {"type": "Feature", "properties": {"cd_ibge": 3157609}, "geometry": {"type": "Point", "coordinates": [-45.55825, -16.7331]}}, {"type": "Feature", "properties": {"cd_ibge": 3157658}, "geometry": {"type": "Point", "coordinates": [-40.656099999999995, -16.909]}}, {"type": "Feature", "properties": {"cd_ibge": 3157708}, "geometry": {"type": "Point", "coordinates": [-47.5048, -19.37865]}}, {"type": "Feature", "properties": {"cd_ibge": 3157807}, "geometry": {"type": "Point", "coordinates": [-43.8514, -19.728250000000003]}}, {"type": "Feature", "properties": {"cd_ibge": 3157906}, "geometry": {"type": "Point", "coordinates": [-42.2624, -20.43855]}}, {"type": "Feature", "properties": {"cd_ibge": 3158003}, "geometry": {"type": "Point", "coordinates": [-43.052350000000004, -19.431150000000002]}}, {"type": "Feature", "properties": {"cd_ibge": 3158102}, "geometry": {"type": "Point", "coordinates": [-40.117000000000004, -16.29555]}}, {"type": "Feature", "properties": {"cd_ibge": 3158201}, "geometry": {"type": "Point", "coordinates": [-42.298100000000005, -18.20825]}}, {"type": "Feature", "properties": {"cd_ibge": 3158300}, "geometry": {"type": "Point", "coordinates": [-45.49385, -21.259349999999998]}}, {"type": "Feature", "properties": {"cd_ibge": 3158409}, "geometry": {"type": "Point", "coordinates": [-42.54625, -21.2778]}}, {"type": "Feature", "properties": {"cd_ibge": 3158508}, "geometry": {"type": "Point", "coordinates": [-43.9179, -18.88815]}}, {"type": "Feature", "properties": {"cd_ibge": 3158607}, "geometry": {"type": "Point", "coordinates": [-43.1814, -21.93935]}}, {"type": "Feature", "properties": {"cd_ibge": 3158706}, "geometry": {"type": "Point", "coordinates": [-44.0564, -21.63725]}}, {"type": "Feature", "properties": {"cd_ibge": 3158805}, "geometry": {"type": "Point", "coordinates": [-45.07, -20.87995]}}, {"type": "Feature", "properties": {"cd_ibge": 3158904}, "geometry": {"type": "Point", "coordinates": [-41.893299999999996, -20.049950000000003]}}, {"type": "Feature", "properties": {"cd_ibge": 3158953}, "geometry": {"type": "Point", "coordinates": [-42.54375, -19.391399999999997]}}, {"type": "Feature", "properties": {"cd_ibge": 3159001}, "geometry": {"type": "Point", "coordinates": [-43.6382, -19.1822]}}, {"type": "Feature", "properties": {"cd_ibge": 3159100}, "geometry": {"type": "Point", "coordinates": [-43.66275, -20.78815]}}, {"type": "Feature", "properties": {"cd_ibge": 3159209}, "geometry": {"type": "Point", "coordinates": [-46.26105, -22.02005]}}, {"type": "Feature", "properties": {"cd_ibge": 3159308}, "geometry": {"type": "Point", "coordinates": [-44.078950000000006, -22.1129]}}, {"type": "Feature", "properties": {"cd_ibge": 3159357}, "geometry": {"type": "Point", "coordinates": [-42.122749999999996, -19.875549999999997]}}, {"type": "Feature", "properties": {"cd_ibge": 3159407}, "geometry": {"type": "Point", "coordinates": [-43.95255, -21.59045]}}, {"type": "Feature", "properties": {"cd_ibge": 3159506}, "geometry": {"type": "Point", "coordinates": [-41.38665, -19.40655]}}, {"type": "Feature", "properties": {"cd_ibge": 3159605}, "geometry": {"type": "Point", "coordinates": [-45.6861, -22.240000000000002]}}, {"type": "Feature", "properties": {"cd_ibge": 3159704}, "geometry": {"type": "Point", "coordinates": [-46.01465, -19.5571]}}, {"type": "Feature", "properties": {"cd_ibge": 3159803}, "geometry": {"type": "Point", "coordinates": [-50.349000000000004, -18.977899999999998]}}, {"type": "Feature", "properties": {"cd_ibge": 3159902}, "geometry": {"type": "Point", "coordinates": [-44.9381, -20.917650000000002]}}, {"type": "Feature", "properties": {"cd_ibge": 3160009}, "geometry": {"type": "Point", "coordinates": [-42.8116, -21.7496]}}, {"type": "Feature", "properties": {"cd_ibge": 3160108}, "geometry": {"type": "Point", "coordinates": [-42.6151, -20.320999999999998]}}, {"type": "Feature", "properties": {"cd_ibge": 3160207}, "geometry": {"type": "Point", "coordinates": [-43.266850000000005, -18.4942]}}, {"type": "Feature", "properties": {"cd_ibge": 3160306}, "geometry": {"type": "Point", "coordinates": [-40.2649, -16.52735]}}, {"type": "Feature", "properties": {"cd_ibge": 3160405}, "geometry": {"type": "Point", "coordinates": [-45.2775, -20.0938]}}, {"type": "Feature", "properties": {"cd_ibge": 3160454}, "geometry": {"type": "Point", "coordinates": [-42.66325, -15.26615]}}, {"type": "Feature", "properties": {"cd_ibge": 3160504}, "geometry": {"type": "Point", "coordinates": [-43.24615, -19.23575]}}, {"type": "Feature", "properties": {"cd_ibge": 3160603}, "geometry": {"type": "Point", "coordinates": [-44.1631, -18.39235]}}, {"type": "Feature", "properties": {"cd_ibge": 3160702}, "geometry": {"type": "Point", "coordinates": [-43.50205, -21.481450000000002]}}, {"type": "Feature", "properties": {"cd_ibge": 3160801}, "geometry": {"type": "Point", "coordinates": [-45.0698, -21.5657]}}, {"type": "Feature", "properties": {"cd_ibge": 3160900}, "geometry": {"type": "Point", "coordinates": [-43.97565, -20.628300000000003]}}, {"type": "Feature", "properties": {"cd_ibge": 3160959}, "geometry": {"type": "Point", "coordinates": [-42.033699999999996, -19.5152]}}, {"type": "Feature", "properties": {"cd_ibge": 3161007}, "geometry": {"type": "Point", "coordinates": [-42.899249999999995, -19.8786]}}, {"type": "Feature", "properties": {"cd_ibge": 3161056}, "geometry": {"type": "Point", "coordinates": [-41.4473, -18.56805]}}, {"type": "Feature", "properties": {"cd_ibge": 3161106}, "geometry": {"type": "Point", "coordinates": [-44.834450000000004, -15.8584]}}, {"type": "Feature", "properties": {"cd_ibge": 3161205}, "geometry": {"type": "Point", "coordinates": [-44.994150000000005, -20.6938]}}, {"type": "Feature", "properties": {"cd_ibge": 3161304}, "geometry": {"type": "Point", "coordinates": [-49.868300000000005, -19.774549999999998]}}, {"type": "Feature", "properties": {"cd_ibge": 3161403}, "geometry": {"type": "Point", "coordinates": [-42.28135, -20.78315]}}, {"type": "Feature", "properties": {"cd_ibge": 3161502}, "geometry": {"type": "Point", "coordinates": [-42.834450000000004, -20.9092]}}, {"type": "Feature", "properties": {"cd_ibge": 3161601}, "geometry": {"type": "Point", "coordinates": [-42.3113, -18.8928]}}, {"type": "Feature", "properties": {"cd_ibge": 3161650}, "geometry": {"type": "Point", "coordinates": [-41.36215, -18.9279]}}, {"type": "Feature", "properties": {"cd_ibge": 3161700}, "geometry": {"type": "Point", "coordinates": [-45.59485, -18.177100000000003]}}, {"type": "Feature", "properties": {"cd_ibge": 3161809}, "geometry": {"type": "Point", "coordinates": [-44.82995, -19.972949999999997]}}, {"type": "Feature", "properties": {"cd_ibge": 3161908}, "geometry": {"type": "Point", "coordinates": [-43.313649999999996, -19.7967]}}, {"type": "Feature", "properties": {"cd_ibge": 3162005}, "geometry": {"type": "Point", "coordinates": [-45.590900000000005, -21.903950000000002]}}, {"type": "Feature", "properties": {"cd_ibge": 3162104}, "geometry": {"type": "Point", "coordinates": [-45.9797, -19.366300000000003]}}, {"type": "Feature", "properties": {"cd_ibge": 3162203}, "geometry": {"type": "Point", "coordinates": [-46.43625, -20.53455]}}, {"type": "Feature", "properties": {"cd_ibge": 3162252}, "geometry": {"type": "Point", "coordinates": [-44.32315, -16.85115]}}, {"type": "Feature", "properties": {"cd_ibge": 3162302}, "geometry": {"type": "Point", "coordinates": [-45.94055, -21.9483]}}, {"type": "Feature", "properties": {"cd_ibge": 3162401}, "geometry": {"type": "Point", "coordinates": [-43.911100000000005, -15.91255]}}, {"type": "Feature", "properties": {"cd_ibge": 3162450}, "geometry": {"type": "Point", "coordinates": [-44.243700000000004, -14.881699999999999]}}, {"type": "Feature", "properties": {"cd_ibge": 3162500}, "geometry": {"type": "Point", "coordinates": [-44.28235, -21.240099999999998]}}, {"type": "Feature", "properties": {"cd_ibge": 3162559}, "geometry": {"type": "Point", "coordinates": [-42.1475, -20.3782]}}, {"type": "Feature", "properties": {"cd_ibge": 3162575}, "geometry": {"type": "Point", "coordinates": [-41.154650000000004, -18.7389]}}, {"type": "Feature", "properties": {"cd_ibge": 3162609}, "geometry": {"type": "Point", "coordinates": [-42.16975, -19.350749999999998]}}, {"type": "Feature", "properties": {"cd_ibge": 3162658}, "geometry": {"type": "Point", "coordinates": [-44.53605, -16.551949999999998]}}, {"type": "Feature", "properties": {"cd_ibge": 3162708}, "geometry": {"type": "Point", "coordinates": [-41.981849999999994, -15.3586]}}, {"type": "Feature", "properties": {"cd_ibge": 3162807}, "geometry": {"type": "Point", "coordinates": [-42.79795, -18.4968]}}, {"type": "Feature", "properties": {"cd_ibge": 3162906}, "geometry": {"type": "Point", "coordinates": [-43.012950000000004, -21.5878]}}, {"type": "Feature", "properties": {"cd_ibge": 3162922}, "geometry": {"type": "Point", "coordinates": [-44.24205, -20.06255]}}, {"type": "Feature", "properties": {"cd_ibge": 3162948}, "geometry": {"type": "Point", "coordinates": [-46.2434, -20.76015]}}, {"type": "Feature", "properties": {"cd_ibge": 3162955}, "geometry": {"type": "Point", "coordinates": [-43.9891, -19.6961]}}, {"type": "Feature", "properties": {"cd_ibge": 3163003}, "geometry": {"type": "Point", "coordinates": [-42.129599999999996, -18.326]}}, {"type": "Feature", "properties": {"cd_ibge": 3163102}, "geometry": {"type": "Point", "coordinates": [-44.5604, -19.69945]}}, {"type": "Feature", "properties": {"cd_ibge": 3163201}, "geometry": {"type": "Point", "coordinates": [-45.51105, -22.3206]}}, {"type": "Feature", "properties": {"cd_ibge": 3163300}, "geometry": {"type": "Point", "coordinates": [-41.373949999999994, -18.4008]}}, {"type": "Feature", "properties": {"cd_ibge": 3163409}, "geometry": {"type": "Point", "coordinates": [-42.6667, -19.939700000000002]}}, {"type": "Feature", "properties": {"cd_ibge": 3163508}, "geometry": {"type": "Point", "coordinates": [-42.67855, -18.243450000000003]}}, {"type": "Feature", "properties": {"cd_ibge": 3163607}, "geometry": {"type": "Point", "coordinates": [-41.764399999999995, -20.022100000000002]}}, {"type": "Feature", "properties": {"cd_ibge": 3163706}, "geometry": {"type": "Point", "coordinates": [-45.0352, -22.1141]}}, {"type": "Feature", "properties": {"cd_ibge": 3163805}, "geometry": {"type": "Point", "coordinates": [-42.71155, -20.74675]}}, {"type": "Feature", "properties": {"cd_ibge": 3163904}, "geometry": {"type": "Point", "coordinates": [-46.6607, -21.104799999999997]}}, {"type": "Feature", "properties": {"cd_ibge": 3164001}, "geometry": {"type": "Point", "coordinates": [-42.5664, -20.0738]}}, {"type": "Feature", "properties": {"cd_ibge": 3164100}, "geometry": {"type": "Point", "coordinates": [-42.5817, -18.368850000000002]}}, {"type": "Feature", "properties": {"cd_ibge": 3164209}, "geometry": {"type": "Point", "coordinates": [-45.434349999999995, -16.3541]}}, {"type": "Feature", "properties": {"cd_ibge": 3164308}, "geometry": {"type": "Point", "coordinates": [-46.5038, -20.18025]}}, {"type": "Feature", "properties": {"cd_ibge": 3164407}, "geometry": {"type": "Point", "coordinates": [-45.7714, -22.1657]}}, {"type": "Feature", "properties": {"cd_ibge": 3164431}, "geometry": {"type": "Point", "coordinates": [-42.602549999999994, -21.0154]}}, {"type": "Feature", "properties": {"cd_ibge": 3164472}, "geometry": {"type": "Point", "coordinates": [-41.9427, -19.5056]}}, {"type": "Feature", "properties": {"cd_ibge": 3164506}, "geometry": {"type": "Point", "coordinates": [-42.56055, -18.04635]}}, {"type": "Feature", "properties": {"cd_ibge": 3164605}, "geometry": {"type": "Point", "coordinates": [-45.03065, -20.253]}}, {"type": "Feature", "properties": {"cd_ibge": 3164704}, "geometry": {"type": "Point", "coordinates": [-47.01905, -20.902250000000002]}}, {"type": "Feature", "properties": {"cd_ibge": 3164803}, "geometry": {"type": "Point", "coordinates": [-43.2381, -19.2952]}}, {"type": "Feature", "properties": {"cd_ibge": 3164902}, "geometry": {"type": "Point", "coordinates": [-45.02045, -22.211799999999997]}}, {"type": "Feature", "properties": {"cd_ibge": 3165008}, "geometry": {"type": "Point", "coordinates": [-44.5753, -20.94455]}}, {"type": "Feature", "properties": {"cd_ibge": 3165107}, "geometry": {"type": "Point", "coordinates": [-47.127700000000004, -20.78]}}, {"type": "Feature", "properties": {"cd_ibge": 3165206}, "geometry": {"type": "Point", "coordinates": [-44.9667, -21.73965]}}, {"type": "Feature", "properties": {"cd_ibge": 3165305}, "geometry": {"type": "Point", "coordinates": [-44.46655, -21.6586]}}, {"type": "Feature", "properties": {"cd_ibge": 3165404}, "geometry": {"type": "Point", "coordinates": [-45.84125, -22.795949999999998]}}, {"type": "Feature", "properties": {"cd_ibge": 3165503}, "geometry": {"type": "Point", "coordinates": [-42.4029, -18.781550000000003]}}, {"type": "Feature", "properties": {"cd_ibge": 3165537}, "geometry": {"type": "Point", "coordinates": [-44.122749999999996, -20.05885]}}, {"type": "Feature", "properties": {"cd_ibge": 3165552}, "geometry": {"type": "Point", "coordinates": [-42.1351, -17.60975]}}, {"type": "Feature", "properties": {"cd_ibge": 3165560}, "geometry": {"type": "Point", "coordinates": [-42.82385, -20.08195]}}, {"type": "Feature", "properties": {"cd_ibge": 3165578}, "geometry": {"type": "Point", "coordinates": [-46.2196, -22.5587]}}, {"type": "Feature", "properties": {"cd_ibge": 3165602}, "geometry": {"type": "Point", "coordinates": [-42.908950000000004, -21.76075]}}, {"type": "Feature", "properties": {"cd_ibge": 3165701}, "geometry": {"type": "Point", "coordinates": [-43.1036, -20.89925]}}, {"type": "Feature", "properties": {"cd_ibge": 3165800}, "geometry": {"type": "Point", "coordinates": [-46.1482, -22.156399999999998]}}, {"type": "Feature", "properties": {"cd_ibge": 3165909}, "geometry": {"type": "Point", "coordinates": [-43.2576, -17.83515]}}, {"type": "Feature", "properties": {"cd_ibge": 3166006}, "geometry": {"type": "Point", "coordinates": [-43.34975, -20.805349999999997]}}, {"type": "Feature", "properties": {"cd_ibge": 3166105}, "geometry": {"type": "Point", "coordinates": [-43.0912, -18.912599999999998]}}, {"type": "Feature", "properties": {"cd_ibge": 3166204}, "geometry": {"type": "Point", "coordinates": [-43.6137, -21.04065]}}, {"type": "Feature", "properties": {"cd_ibge": 3166303}, "geometry": {"type": "Point", "coordinates": [-42.458349999999996, -20.49465]}}, {"type": "Feature", "properties": {"cd_ibge": 3166402}, "geometry": {"type": "Point", "coordinates": [-44.4728, -21.9174]}}, {"type": "Feature", "properties": {"cd_ibge": 3166501}, "geometry": {"type": "Point", "coordinates": [-43.218999999999994, -18.3906]}}, {"type": "Feature", "properties": {"cd_ibge": 3166600}, "geometry": {"type": "Point", "coordinates": [-45.7793, -19.37815]}}, {"type": "Feature", "properties": {"cd_ibge": 3166709}, "geometry": {"type": "Point", "coordinates": [-40.26055, -17.75525]}}, {"type": "Feature", "properties": {"cd_ibge": 3166808}, "geometry": {"type": "Point", "coordinates": [-46.684250000000006, -19.127200000000002]}}, {"type": "Feature", "properties": {"cd_ibge": 3166907}, "geometry": {"type": "Point", "coordinates": [-46.0864, -21.57095]}}, {"type": "Feature", "properties": {"cd_ibge": 3166956}, "geometry": {"type": "Point", "coordinates": [-42.87125, -15.870449999999998]}}, {"type": "Feature", "properties": {"cd_ibge": 3167004}, "geometry": {"type": "Point", "coordinates": [-44.54205, -21.8278]}}, {"type": "Feature", "properties": {"cd_ibge": 3167103}, "geometry": {"type": "Point", "coordinates": [-43.4009, -18.5178]}}, {"type": "Feature", "properties": {"cd_ibge": 3167202}, "geometry": {"type": "Point", "coordinates": [-44.294, -19.44605]}}, {"type": "Feature", "properties": {"cd_ibge": 3167301}, "geometry": {"type": "Point", "coordinates": [-43.2026, -21.146]}}, {"type": "Feature", "properties": {"cd_ibge": 3167400}, "geometry": {"type": "Point", "coordinates": [-45.80305, -22.0365]}}, {"type": "Feature", "properties": {"cd_ibge": 3167509}, "geometry": {"type": "Point", "coordinates": [-43.2952, -21.965]}}, {"type": "Feature", "properties": {"cd_ibge": 3167608}, "geometry": {"type": "Point", "coordinates": [-41.9638, -19.99845]}}, {"type": "Feature", "properties": {"cd_ibge": 3167707}, "geometry": {"type": "Point", "coordinates": [-42.153, -19.22365]}}, {"type": "Feature", "properties": {"cd_ibge": 3167806}, "geometry": {"type": "Point", "coordinates": [-45.03765, -22.03025]}}, {"type": "Feature", "properties": {"cd_ibge": 3167905}, "geometry": {"type": "Point", "coordinates": [-43.25565, -21.35885]}}, {"type": "Feature", "properties": {"cd_ibge": 3168002}, "geometry": {"type": "Point", "coordinates": [-42.093149999999994, -15.81855]}}, {"type": "Feature", "properties": {"cd_ibge": 3168051}, "geometry": {"type": "Point", "coordinates": [-41.591499999999996, -19.749650000000003]}}, {"type": "Feature", "properties": {"cd_ibge": 3168101}, "geometry": {"type": "Point", "coordinates": [-46.891850000000005, -19.91225]}}, {"type": "Feature", "properties": {"cd_ibge": 3168200}, "geometry": {"type": "Point", "coordinates": [-46.1622, -19.8741]}}, {"type": "Feature", "properties": {"cd_ibge": 3168309}, "geometry": {"type": "Point", "coordinates": [-43.6788, -19.63015]}}, {"type": "Feature", "properties": {"cd_ibge": 3168408}, "geometry": {"type": "Point", "coordinates": [-41.9018, -19.28815]}}, {"type": "Feature", "properties": {"cd_ibge": 3168507}, "geometry": {"type": "Point", "coordinates": [-42.856449999999995, -20.6278]}}, {"type": "Feature", "properties": {"cd_ibge": 3168606}, "geometry": {"type": "Point", "coordinates": [-41.3562, -17.68645]}}, {"type": "Feature", "properties": {"cd_ibge": 3168705}, "geometry": {"type": "Point", "coordinates": [-42.60515, -19.55395]}}, {"type": "Feature", "properties": {"cd_ibge": 3168804}, "geometry": {"type": "Point", "coordinates": [-44.15845, -21.1156]}}, {"type": "Feature", "properties": {"cd_ibge": 3168903}, "geometry": {"type": "Point", "coordinates": [-45.83565, -18.83675]}}, {"type": "Feature", "properties": {"cd_ibge": 3169000}, "geometry": {"type": "Point", "coordinates": [-43.0214, -21.18235]}}, {"type": "Feature", "properties": {"cd_ibge": 3169059}, "geometry": {"type": "Point", "coordinates": [-46.1468, -22.3579]}}, {"type": "Feature", "properties": {"cd_ibge": 3169109}, "geometry": {"type": "Point", "coordinates": [-46.389700000000005, -22.7078]}}, {"type": "Feature", "properties": {"cd_ibge": 3169208}, "geometry": {"type": "Point", "coordinates": [-42.058499999999995, -20.89105]}}, {"type": "Feature", "properties": {"cd_ibge": 3169307}, "geometry": {"type": "Point", "coordinates": [-45.2236, -21.6984]}}, {"type": "Feature", "properties": {"cd_ibge": 3169356}, "geometry": {"type": "Point", "coordinates": [-45.046, -18.29905]}}, {"type": "Feature", "properties": {"cd_ibge": 3169406}, "geometry": {"type": "Point", "coordinates": [-45.4867, -21.40465]}}, {"type": "Feature", "properties": {"cd_ibge": 3169505}, "geometry": {"type": "Point", "coordinates": [-41.7304, -19.0383]}}, {"type": "Feature", "properties": {"cd_ibge": 3169604}, "geometry": {"type": "Point", "coordinates": [-48.775999999999996, -18.5727]}}, {"type": "Feature", "properties": {"cd_ibge": 3169703}, "geometry": {"type": "Point", "coordinates": [-42.8211, -17.2591]}}, {"type": "Feature", "properties": {"cd_ibge": 3169802}, "geometry": {"type": "Point", "coordinates": [-45.79345, -21.8808]}}, {"type": "Feature", "properties": {"cd_ibge": 3169901}, "geometry": {"type": "Point", "coordinates": [-42.97635, -21.1102]}}, {"type": "Feature", "properties": {"cd_ibge": 3170008}, "geometry": {"type": "Point", "coordinates": [-44.8701, -16.3649]}}, {"type": "Feature", "properties": {"cd_ibge": 3170057}, "geometry": {"type": "Point", "coordinates": [-42.066, -19.66715]}}, {"type": "Feature", "properties": {"cd_ibge": 3170107}, "geometry": {"type": "Point", "coordinates": [-47.969350000000006, -19.6064]}}, {"type": "Feature", "properties": {"cd_ibge": 3170206}, "geometry": {"type": "Point", "coordinates": [-48.363299999999995, -19.00385]}}, {"type": "Feature", "properties": {"cd_ibge": 3170305}, "geometry": {"type": "Point", "coordinates": [-40.6657, -17.2729]}}, {"type": "Feature", "properties": {"cd_ibge": 3170404}, "geometry": {"type": "Point", "coordinates": [-46.83225, -16.386499999999998]}}, {"type": "Feature", "properties": {"cd_ibge": 3170438}, "geometry": {"type": "Point", "coordinates": [-50.34375, -19.40765]}}, {"type": "Feature", "properties": {"cd_ibge": 3170479}, "geometry": {"type": "Point", "coordinates": [-46.3247, -16.0977]}}, {"type": "Feature", "properties": {"cd_ibge": 3170503}, "geometry": {"type": "Point", "coordinates": [-42.724199999999996, -20.3326]}}, {"type": "Feature", "properties": {"cd_ibge": 3170529}, "geometry": {"type": "Point", "coordinates": [-45.610749999999996, -16.0217]}}, {"type": "Feature", "properties": {"cd_ibge": 3170578}, "geometry": {"type": "Point", "coordinates": [-42.3321, -19.6035]}}, {"type": "Feature", "properties": {"cd_ibge": 3170602}, "geometry": {"type": "Point", "coordinates": [-46.3418, -20.4395]}}, {"type": "Feature", "properties": {"cd_ibge": 3170651}, "geometry": {"type": "Point", "coordinates": [-42.3093, -15.332049999999999]}}, {"type": "Feature", "properties": {"cd_ibge": 3170701}, "geometry": {"type": "Point", "coordinates": [-45.3994, -21.5719]}}, {"type": "Feature", "properties": {"cd_ibge": 3170750}, "geometry": {"type": "Point", "coordinates": [-45.928399999999996, -18.460700000000003]}}, {"type": "Feature", "properties": {"cd_ibge": 3170800}, "geometry": {"type": "Point", "coordinates": [-44.739549999999994, -17.4171]}}, {"type": "Feature", "properties": {"cd_ibge": 3170909}, "geometry": {"type": "Point", "coordinates": [-43.925700000000006, -15.6379]}}, {"type": "Feature", "properties": {"cd_ibge": 3171006}, "geometry": {"type": "Point", "coordinates": [-46.87425, -17.86205]}}, {"type": "Feature", "properties": {"cd_ibge": 3171030}, "geometry": {"type": "Point", "coordinates": [-43.6362, -15.56715]}}, {"type": "Feature", "properties": {"cd_ibge": 3171071}, "geometry": {"type": "Point", "coordinates": [-42.7123, -17.509]}}, {"type": "Feature", "properties": {"cd_ibge": 3171105}, "geometry": {"type": "Point", "coordinates": [-48.34605, -19.6162]}}, {"type": "Feature", "properties": {"cd_ibge": 3171154}, "geometry": {"type": "Point", "coordinates": [-42.26035, -20.0274]}}, {"type": "Feature", "properties": {"cd_ibge": 3171204}, "geometry": {"type": "Point", "coordinates": [-43.94685, -19.7292]}}, {"type": "Feature", "properties": {"cd_ibge": 3171303}, "geometry": {"type": "Point", "coordinates": [-42.87815, -20.7466]}}, {"type": "Feature", "properties": {"cd_ibge": 3171402}, "geometry": {"type": "Point", "coordinates": [-42.27565, -20.9112]}}, {"type": "Feature", "properties": {"cd_ibge": 3171501}, "geometry": {"type": "Point", "coordinates": [-41.9199, -18.603050000000003]}}, {"type": "Feature", "properties": {"cd_ibge": 3171600}, "geometry": {"type": "Point", "coordinates": [-42.31545, -16.69205]}}, {"type": "Feature", "properties": {"cd_ibge": 3171709}, "geometry": {"type": "Point", "coordinates": [-45.1161, -22.34545]}}, {"type": "Feature", "properties": {"cd_ibge": 3171808}, "geometry": {"type": "Point", "coordinates": [-42.65605, -18.80095]}}, {"type": "Feature", "properties": {"cd_ibge": 3171907}, "geometry": {"type": "Point", "coordinates": [-42.30625, -18.46065]}}, {"type": "Feature", "properties": {"cd_ibge": 3172004}, "geometry": {"type": "Point", "coordinates": [-42.8477, -21.02315]}}, {"type": "Feature", "properties": {"cd_ibge": 3172103}, "geometry": {"type": "Point", "coordinates": [-42.55935, -21.763550000000002]}}, {"type": "Feature", "properties": {"cd_ibge": 3172202}, "geometry": {"type": "Point", "coordinates": [-45.40875, -22.5442]}}]}